Equipo;Posición medida;Valor medido;Fecha;Texto;Texto Ampliado
133276;EQUIPO TOTAL;5,00;30/05/2021;;
132717;EQUIPO TOTAL;5,00;30/05/2021;;
132718;EQUIPO TOTAL;5,00;30/05/2021;;
132719;EQUIPO TOTAL;5,00;30/05/2021;;
133273;EQUIPO TOTAL;3,00;30/05/2021;3-INSPECCIONES OPERATIVAS: /3-INSP= 3-PR;3-INSPECCIONES OPERATIVAS: /3-INSP= 3-PRO-M/
133274;EQUIPO TOTAL;5,00;30/05/2021;;
133275;EQUIPO TOTAL;5,00;30/05/2021;;
201437;EQUIPO TOTAL;3,00;30/05/2021;3-DGA:FALLA TÉRMICA PAPEL. 3-INSPECCIONE;3-DGA:FALLA TÉRMICA PAPEL. 3-INSPECCIONES OPERATIVAS: MANDO Y FILTRO OLTC. 3-DGA= T-PAP(S)/ /3-INSP= 3-M.OLTC/
201439;EQUIPO TOTAL;3,00;30/05/2021;3-INSPECCIONES OPERATIVAS: MANDO Y FILTR;3-INSPECCIONES OPERATIVAS: MANDO Y FILTRO OLTC. /3-INSP= 3-M.OLTC/
2006683;EQUIPO TOTAL;5,00;30/05/2021;;
2006684;EQUIPO TOTAL;5,00;30/05/2021;;
2006685;EQUIPO TOTAL;5,00;30/05/2021;;
2006686;EQUIPO TOTAL;2,00;30/05/2021;2-CONDICIÓN DIELÉCTRICA OLTC: PRESENCIA;2-CONDICIÓN DIELÉCTRICA OLTC: PRESENCIA DE HUMEDAD. /2-OIL.TAP=DIAG
201440;EQUIPO TOTAL;3,00;30/05/2021;3-DGA:FALLA TÉRMICA PAPEL. ARCO ELÉCTRIC;3-DGA:FALLA TÉRMICA PAPEL. ARCO ELÉCTRICO. 3-DGA= T-PAP(S)/ ARC(D)/
112137;REACTOR TOTAL;5,00;30/05/2021;/5-INSP= 9-GAB/8-BUJ/;
132692;REACTOR TOTAL;5,00;30/05/2021;/5-INSP= 9-GAB/8-BUJ/;
132693;REACTOR TOTAL;5,00;30/05/2021;/5-INSP= 9-GAB/8-BUJ/;
132694;REACTOR TOTAL;5,00;30/05/2021;/5-INSP= 9-GAB/8-BUJ/;
132695;REACTOR TOTAL;5,00;30/05/2021;/8-INSP=8-ENF/8-PRO-M/8-CUB/8-GAB/8-BUJ/;
133244;REACTOR TOTAL;5,00;30/05/2021;/5-INSP= 9-GAB/8-BUJ/;
133245;REACTOR TOTAL;5,00;30/05/2021;/5-INSP= 9-GAB/8-BUJ/;
133247;REACTOR TOTAL;5,00;30/05/2021;/9-OIL.CORR/ /8-INSP=8-ENF/8-PRO-M/8-CUB;/9-OIL.CORR/ /8-INSP=8-ENF/8-PRO-M/8-CUB/8-GAB/8-BUJ/
2010280;EQUIPO TOTAL;5,00;30/05/2021;/9-OIL.CORR/ /5-INSP= 8-GAB/8-BUJ/;
2010281;EQUIPO TOTAL;5,00;30/05/2021;/9-OIL.CORR/ /5-INSP= 8-GAB/8-BUJ/;
2010282;EQUIPO TOTAL;5,00;30/05/2021;/9-OIL.CORR/ /5-INSP= 8-GAB/8-BUJ/;
2010283;EQUIPO TOTAL;5,00;30/05/2021;/9-OIL.CORR/ /5-INSP= 8-GAB/8-BUJ/;
133243;REACTOR TOTAL;5,00;30/05/2021;/5-INSP= 9-GAB/8-BUJ/;
201114;EQUIPO TOTAL;3,00;29/05/2021;3-CONDICIÓN DIELÉCTRICA OLTC:DESVIACIÓN;3-CONDICIÓN DIELÉCTRICA OLTC:DESVIACIÓN ÚLTIMO RESULTADO RESPECTO A LA MEDIA. 3-INSPECCIONES OPERATIVAS: CONDICIÓN CUBA. /3-OIL.TAP= DELTA/ /3-INSP= 3-CUB/
200110;EQUIPO TOTAL;5,00;28/05/2021;;
203791;EQUIPO TOTAL;5,00;28/05/2021;;
200082;EQUIPO TOTAL;2,00;28/05/2021;2-INSPECCIONES OPERATIVAS: CONDICIÓN CUB;2-INSPECCIONES OPERATIVAS: CONDICIÓN CUBA. /2-INSP= 2-PRO-M/ 3-CUB/
203926;EQUIPO TOTAL;2,00;28/05/2021;2-CONDICIÓN DIELÉCTRICA OLTC: PRESENCIA;2-CONDICIÓN DIELÉCTRICA OLTC: PRESENCIA DE HUMEDAD. /2-OIL.TAP=DIAG
203928;EQUIPO TOTAL;5,00;28/05/2021;;
203930;EQUIPO TOTAL;2,00;28/05/2021;2-CONDICIÓN DIELÉCTRICA OLTC: PRESENCIA;2-CONDICIÓN DIELÉCTRICA OLTC: PRESENCIA DE HUMEDAD. /2-OIL.TAP=DIAG
203932;EQUIPO TOTAL;3,00;28/05/2021;3-CONDICIÓN DIELÉCTRICA OLTC: PRESENCIA;3-CONDICIÓN DIELÉCTRICA OLTC: PRESENCIA DE HUMEDAD. /3-OIL.TAP=DIAG
808998;EQUIPO TOTAL;3,00;28/05/2021;3-INSPECCIONES OPERATIVAS:SISTEMA DE ENF;3-INSPECCIONES OPERATIVAS:SISTEMA DE ENFRIAMIENTO. MANDO Y FILTRO OLTC.CONDICIÓN CUBA. /9-OIL.TAP/ /3-INSP=3-ENF/ 3-M.OLTC/3-CUB/ 3- P.CUB/
810551;EQUIPO TOTAL;2,00;28/05/2021;2-INSPECCIONES OPERATIVAS: SISTEMA DE EN;2-INSPECCIONES OPERATIVAS: SISTEMA DE ENFRIAMIENTO. CONDICIÓN CUBA. /8-OIL.TAP/ /2-INSP=3-ENF/ 2-CUB/ 3-P.CUB/
816737;EQUIPO TOTAL;3,00;28/05/2021;3-DGA:FALLA TÉRMICA PAPEL. 3-INSPECCIONE;3-DGA:FALLA TÉRMICA PAPEL. 3-INSPECCIONES OPERATIVAS:SISTEMA DE ENFRIAMIENTO. CONDICIÓN CUBA. 3-DGA= T-PAP(C)/ /9-OIL.TAP/ /3-INSP=9 -ENF/ 3-CUB/
2000279;EQUIPO TOTAL;5,00;28/05/2021;/9-OIL.TAP/;
111602;REACTOR TOTAL;5,00;27/05/2021;/5-INSP= 9-GAB/8-BUJ/;
120105;REACTOR TOTAL;5,00;27/05/2021;/5-INSP= 9-GAB/8-BUJ/;
120106;REACTOR TOTAL;3,00;27/05/2021;/3-INSP= 3-PRO-M/ 9-GAB/8-BUJ/;
120107;REACTOR TOTAL;5,00;27/05/2021;7-DGA=7-T.ACE/7-T.PAP/7-PD/7-ARC/ /5-INS;7-DGA=7-T.ACE/7-T.PAP/7-PD/7-ARC/ /5-INSP= 9-GAB/8-BUJ/
120116;REACTOR TOTAL;3,00;27/05/2021;T-PAP(S)/ /3-INSP= 3-PRO-M/ 9-GAB/8-BUJ/;
120117;REACTOR TOTAL;3,00;27/05/2021;3-DGA= T-PAP(S)/ /5-INSP= 9-GAB/8-BUJ/;
2004867;EQUIPO TOTAL;5,00;27/05/2021;/9-OIL.CORR/ /5-INSP= 8-GAB/8-BUJ/;
2004868;EQUIPO TOTAL;5,00;27/05/2021;/9-OIL.CORR/ /5-INSP= 8-GAB/8-BUJ/;
111988;REACTOR TOTAL;2,00;27/05/2021;/2-INSP= 2-PRO-M/ 9-GAB/8-BUJ/;
112245;REACTOR TOTAL;3,00;27/05/2021;/3-INSP= 3-PRO-M/ 9-GAB/8-BUJ/;
115104;REACTOR TOTAL;3,00;27/05/2021;/3-INSP= 3-PRO-M/ 9-GAB/8-BUJ/;
123179;REACTOR TOTAL;5,00;27/05/2021;/5-INSP=9-ENF/ 9-GAB/8-BUJ/;
123530;REACTOR TOTAL;5,00;27/05/2021;/9-OIL.CORR/ /5-INSP= 9-GAB/8-BUJ/;
123531;REACTOR TOTAL;3,00;27/05/2021;/9-OIL.CORR/ /3-INSP= 3-CUB/9-GAB/8-BUJ/;
133025;REACTOR TOTAL;5,00;27/05/2021;/5-INSP=9-ENF/ 9-GAB/8-BUJ/;
2000236;REACTOR TOTAL;2,00;27/05/2021;/2-INSP=9-ENF/2-PRO-M/ 9-GAB/8-BUJ/;
2007921;EQUIPO TOTAL;5,00;27/05/2021;/9-OIL.CORR/ /5-INSP=9-ENF/ 8-GAB/8-BUJ/;
2009378;EQUIPO TOTAL;5,00;27/05/2021;/9-OIL.CORR/ /5-INSP= 8-GAB/8-BUJ/;
2009614;EQUIPO TOTAL;5,00;27/05/2021;/9-OIL.CORR/ /5-INSP= 8-GAB/8-BUJ/;
2009682;EQUIPO TOTAL;3,00;27/05/2021;/9-OIL.CORR/ /3-INSP= 3-CUB/8-GAB/8-BUJ/;
2011677;EQUIPO TOTAL;2,00;27/05/2021;/9-OIL.CORR/ /2-INSP=9-ENF/2-PRO-M/ 8-GA;/9-OIL.CORR/ /2-INSP=9-ENF/2-PRO-M/ 8-GAB/8-BUJ/
2011681;EQUIPO TOTAL;2,00;27/05/2021;/9-OIL.CORR/ /2-INSP=9-ENF/2-PRO-M/3-CUB;/9-OIL.CORR/ /2-INSP=9-ENF/2-PRO-M/3-CUB/8-GAB/8-BUJ/
2014349;EQUIPO TOTAL;5,00;27/05/2021;7-DGA=7-T.ACE/ 7-PD//9-OIL=9-FQ/9-DIE//9;7-DGA=7-T.ACE/ 7-PD//9-OIL=9-FQ/9-DIE//9-HUM//9-OIL.CORR/ /5-INSP= 8-GAB/8-BUJ/
109357;REACTOR TOTAL;5,00;27/05/2021;/5-INSP= 9-GAB/8-BUJ/;
109408;REACTOR TOTAL;5,00;27/05/2021;/5-INSP= 9-GAB/8-BUJ/;
111073;REACTOR TOTAL;2,00;27/05/2021;/2-INSP=3-ENF/ 2-CUB/9-GAB/8-BUJ/;
122576;REACTOR TOTAL;3,00;27/05/2021;/3-INSP= 3-CUB/9-GAB/8-BUJ/;
132504;REACTOR TOTAL;5,00;27/05/2021;/5-INSP=9-ENF/ 9-GAB/8-BUJ/;
132507;REACTOR TOTAL;5,00;27/05/2021;/5-INSP=9-ENF/ 9-GAB/8-BUJ/;
132508;REACTOR TOTAL;5,00;27/05/2021;/5-INSP=9-ENF/ 9-GAB/8-BUJ/;
132510;REACTOR TOTAL;5,00;27/05/2021;/5-INSP=9-ENF/ 9-GAB/8-BUJ/;
133016;REACTOR TOTAL;5,00;27/05/2021;/5-INSP=9-ENF/ 9-GAB/8-BUJ/;
2000235;REACTOR TOTAL;5,00;27/05/2021;/9-OIL.CORR/ /5-INSP=9-ENF/ 9-GAB/8-BUJ/;
2009603;EQUIPO TOTAL;5,00;27/05/2021;/9-OIL.CORR/ /5-INSP= 8-GAB/8-BUJ/;
2009610;EQUIPO TOTAL;3,00;27/05/2021;/9-OIL.CORR/ /3-INSP= 3-PRO-M/ 8-GAB/8-B;/9-OIL.CORR/ /3-INSP= 3-PRO-M/ 8-GAB/8-BUJ/
2011263;EQUIPO TOTAL;5,00;27/05/2021;/9-OIL.CORR/ /5-INSP=9-ENF/ 9-CUB/8-GAB/;/9-OIL.CORR/ /5-INSP=9-ENF/ 9-CUB/8-GAB/8-BUJ/
2011280;EQUIPO TOTAL;5,00;27/05/2021;/9-HUM//9-OIL.CORR/ /5-INSP=9-ENF/ 9-CUB;/9-HUM//9-OIL.CORR/ /5-INSP=9-ENF/ 9-CUB/8-GAB/8-BUJ/
2011282;EQUIPO TOTAL;5,00;27/05/2021;/9-HUM//9-OIL.CORR/ /5-INSP=9-ENF/ 9-CUB;/9-HUM//9-OIL.CORR/ /5-INSP=9-ENF/ 9-CUB/8-GAB/8-BUJ/
2011287;EQUIPO TOTAL;5,00;27/05/2021;/9-HUM//9-OIL.CORR/ /8-INSP=9-ENF/9-PRO-;/9-HUM//9-OIL.CORR/ /8-INSP=9-ENF/9-PRO-M/9-CUB/8-GAB/8-BUJ/
2011676;EQUIPO TOTAL;3,00;27/05/2021;/9-OIL.CORR/ /3-INSP=9-ENF/3-PRO-M/ 8-GA;/9-OIL.CORR/ /3-INSP=9-ENF/3-PRO-M/ 8-GAB/8-BUJ/
2012401;EQUIPO TOTAL;3,00;27/05/2021;/9-OIL.CORR/ /3-INSP=3-ENF/ 3-CUB/8-GAB/;/9-OIL.CORR/ /3-INSP=3-ENF/ 3-CUB/8-GAB/8-BUJ/
2012402;EQUIPO TOTAL;5,00;27/05/2021;/9-OIL.CORR/ /5-INSP= 9-CUB/8-GAB/8-BUJ/;
109356;REACTOR TOTAL;5,00;27/05/2021;/5-INSP= 9-GAB/8-BUJ/;
109407;REACTOR TOTAL;5,00;27/05/2021;/5-INSP= 9-GAB/8-BUJ/;
111966;REACTOR TOTAL;3,00;27/05/2021;/3-INSP= 3-CUB/9-GAB/8-BUJ/;
111989;REACTOR TOTAL;2,00;27/05/2021;/2-INSP= 2-PRO-M/3-CUB/9-GAB/8-BUJ/;
112113;REACTOR TOTAL;5,00;27/05/2021;/5-INSP= 9-GAB/8-BUJ/;
112136;REACTOR TOTAL;5,00;27/05/2021;/5-INSP= 9-GAB/8-BUJ/;
112246;REACTOR TOTAL;5,00;27/05/2021;/5-INSP= 9-GAB/8-BUJ/;
117259;REACTOR TOTAL;5,00;27/05/2021;/5-INSP= 9-GAB/8-BUJ/;
122575;REACTOR TOTAL;3,00;27/05/2021;/3-INSP= 3-CUB/9-GAB/8-BUJ/;
2009377;EQUIPO TOTAL;5,00;27/05/2021;/9-OIL.CORR/ /5-INSP= 8-GAB/8-BUJ/;
2009606;EQUIPO TOTAL;5,00;27/05/2021;/9-OIL.CORR/ /5-INSP= 8-GAB/8-BUJ/;
2009609;EQUIPO TOTAL;5,00;27/05/2021;/9-OIL.CORR/ /5-INSP= 8-GAB/8-BUJ/;
2009613;EQUIPO TOTAL;5,00;27/05/2021;/9-OIL.CORR/ /5-INSP= 8-GAB/8-BUJ/;
2009617;EQUIPO TOTAL;5,00;27/05/2021;/9-OIL.CORR/ /5-INSP= 8-GAB/8-BUJ/;
2009681;EQUIPO TOTAL;5,00;27/05/2021;/9-OIL.CORR/ /5-INSP= 8-GAB/8-BUJ/;
2009685;EQUIPO TOTAL;5,00;27/05/2021;/9-OIL.CORR/ /5-INSP= 8-GAB/8-BUJ/;
2010239;EQUIPO TOTAL;5,00;27/05/2021;/9-OIL.CORR/ /5-INSP= 8-GAB/8-BUJ/;
2014348;EQUIPO TOTAL;5,00;27/05/2021;9-DGA=9-T.ACE/9-T.PAP/9-PD/9-ARC//9-OIL=;9-DGA=9-T.ACE/9-T.PAP/9-PD/9-ARC//9-OIL=9-FQ/9-DIE//9-HUM//9-OIL.CORR/ /5-INSP= 8-GAB/8-BUJ/
111691;REACTOR TOTAL;5,00;27/05/2021;/5-INSP= 9-GAB/8-BUJ/;
111967;REACTOR TOTAL;3,00;27/05/2021;/3-INSP= 3-CUB/9-GAB/8-BUJ/;
116688;REACTOR TOTAL;2,00;27/05/2021;/2-INSP= 2-CUB/9-GAB/8-BUJ/;
117258;REACTOR TOTAL;5,00;27/05/2021;/5-INSP= 9-GAB/8-BUJ/;
118426;REACTOR TOTAL;3,00;27/05/2021;/3-INSP= 3-CUB/9-GAB/8-BUJ/;
123172;REACTOR TOTAL;5,00;27/05/2021;/5-INSP= 9-GAB/8-BUJ/;
123173;REACTOR TOTAL;5,00;27/05/2021;/5-INSP= 9-GAB/8-BUJ/;
132503;REACTOR TOTAL;5,00;27/05/2021;/5-INSP=9-ENF/ 9-GAB/8-BUJ/;
132506;REACTOR TOTAL;5,00;27/05/2021;/5-INSP=9-ENF/ 9-GAB/8-BUJ/;
132509;REACTOR TOTAL;5,00;27/05/2021;/5-INSP=9-ENF/ 9-GAB/8-BUJ/;
133022;REACTOR TOTAL;5,00;27/05/2021;/5-INSP=9-ENF/ 9-GAB/8-BUJ/;
133037;REACTOR TOTAL;2,00;27/05/2021;/2-INSP=2-ENF/ 9-GAB/8-BUJ/;
2000234;REACTOR TOTAL;5,00;27/05/2021;/5-INSP=9-ENF/ 9-GAB/8-BUJ/;
2006420;REACTOR TOTAL;3,00;27/05/2021;/3-INSP=9-ENF/ 3-CUB/9-GAB/8-BUJ/;
2009680;EQUIPO TOTAL;5,00;27/05/2021;/9-OIL.CORR/ /5-INSP= 8-GAB/8-BUJ/;
2009684;EQUIPO TOTAL;5,00;27/05/2021;/9-OIL.CORR/ /5-INSP= 8-GAB/8-BUJ/;
2010238;EQUIPO TOTAL;5,00;27/05/2021;/9-OIL.CORR/ /5-INSP= 8-GAB/8-BUJ/;
2011675;EQUIPO TOTAL;5,00;27/05/2021;/9-OIL.CORR/ /5-INSP=9-ENF/ 8-GAB/8-BUJ/;
2014347;EQUIPO TOTAL;5,00;27/05/2021;9-DGA=9-T.ACE/9-T.PAP/9-PD/9-ARC//9-OIL=;9-DGA=9-T.ACE/9-T.PAP/9-PD/9-ARC//9-OIL=9-FQ/9-DIE//9-HUM//9-OIL.CORR/ /5-INSP= 8-GAB/8-BUJ/
109355;REACTOR TOTAL;5,00;27/05/2021;/5-INSP= 9-GAB/8-BUJ/;
109406;REACTOR TOTAL;5,00;27/05/2021;/5-INSP= 9-GAB/8-BUJ/;
112135;REACTOR TOTAL;3,00;27/05/2021;/3-INSP= 3-CUB/9-GAB/8-BUJ/;
118425;REACTOR TOTAL;2,00;27/05/2021;/2-INSP= 2-PRO-M/3-CUB/9-GAB/8-BUJ/;
122574;REACTOR TOTAL;3,00;27/05/2021;/3-INSP= 3-CUB/9-GAB/8-BUJ/;
132505;REACTOR TOTAL;5,00;27/05/2021;/5-INSP=9-ENF/ 9-GAB/8-BUJ/;
132511;REACTOR TOTAL;5,00;27/05/2021;/5-INSP=9-ENF/ 9-GAB/8-BUJ/;
132664;REACTOR TOTAL;3,00;27/05/2021;/3-INSP=3-ENF/ 9-GAB/8-BUJ/;
133019;REACTOR TOTAL;5,00;27/05/2021;/5-INSP=9-ENF/ 9-GAB/8-BUJ/;
133034;REACTOR TOTAL;5,00;27/05/2021;/5-INSP=9-ENF/ 9-GAB/8-BUJ/;
2009376;EQUIPO TOTAL;5,00;27/05/2021;/9-OIL.CORR/ /5-INSP= 8-GAB/8-BUJ/;
2009605;EQUIPO TOTAL;5,00;27/05/2021;/9-OIL.CORR/ /5-INSP= 8-GAB/8-BUJ/;
2009608;EQUIPO TOTAL;5,00;27/05/2021;/9-OIL.CORR/ /5-INSP= 8-GAB/8-BUJ/;
2009612;EQUIPO TOTAL;3,00;27/05/2021;/9-OIL.CORR/ /3-INSP= 3-PRO-M/ 8-GAB/8-B;/9-OIL.CORR/ /3-INSP= 3-PRO-M/ 8-GAB/8-BUJ/
2009616;EQUIPO TOTAL;5,00;27/05/2021;/9-OIL.CORR/ /5-INSP= 8-GAB/8-BUJ/;
2010237;EQUIPO TOTAL;5,00;27/05/2021;/9-OIL.CORR/ /5-INSP= 8-GAB/8-BUJ/;
2011674;EQUIPO TOTAL;5,00;27/05/2021;/9-OIL.CORR/ /5-INSP=9-ENF/ 8-GAB/8-BUJ/;
2011678;EQUIPO TOTAL;3,00;27/05/2021;/9-OIL.CORR/ /3-INSP=9-ENF/3-PRO-M/3-CUB;/9-OIL.CORR/ /3-INSP=9-ENF/3-PRO-M/3-CUB/8-GAB/8-BUJ/
111687;REACTOR TOTAL;3,00;27/05/2021;/9-OIL.CORR/ /3-INSP=8-ENF/3-PRO-M/8-CUB;/9-OIL.CORR/ /3-INSP=8-ENF/3-PRO-M/8-CUB/8-GAB/8-BUJ/
111689;REACTOR TOTAL;5,00;27/05/2021;/5-INSP= 9-GAB/8-BUJ/;
111968;REACTOR TOTAL;3,00;27/05/2021;/3-INSP= 3-CUB/9-GAB/8-BUJ/;
111987;REACTOR TOTAL;3,00;27/05/2021;/3-INSP= 3-CUB/9-GAB/8-BUJ/;
112111;REACTOR TOTAL;3,00;27/05/2021;/3-INSP= 3-CUB/9-GAB/8-BUJ/;
112244;REACTOR TOTAL;5,00;27/05/2021;/5-INSP= 9-GAB/8-BUJ/;
117257;REACTOR TOTAL;5,00;27/05/2021;/5-INSP= 9-GAB/8-BUJ/;
123183;REACTOR TOTAL;5,00;27/05/2021;/5-INSP= 9-GAB/8-BUJ/;
2000233;REACTOR TOTAL;5,00;27/05/2021;/5-INSP=9-ENF/ 9-GAB/8-BUJ/;
2009375;EQUIPO TOTAL;5,00;27/05/2021;/9-OIL.CORR/ /5-INSP= 8-GAB/8-BUJ/;
2009604;EQUIPO TOTAL;3,00;27/05/2021;/9-OIL.CORR/ /3-INSP=3-ENF/ 8-GAB/8-BUJ/;
2009607;EQUIPO TOTAL;5,00;27/05/2021;/9-OIL.CORR/ /5-INSP= 8-GAB/8-BUJ/;
2009611;EQUIPO TOTAL;5,00;27/05/2021;/9-OIL.CORR/ /5-INSP= 8-GAB/8-BUJ/;
2009615;EQUIPO TOTAL;3,00;27/05/2021;/9-OIL.CORR/ /3-INSP= 3-CUB/8-GAB/8-BUJ/;
2009679;EQUIPO TOTAL;5,00;27/05/2021;/9-OIL.CORR/ /5-INSP= 8-GAB/8-BUJ/;
2009683;EQUIPO TOTAL;5,00;27/05/2021;/9-OIL.CORR/ /5-INSP= 8-GAB/8-BUJ/;
2014346;EQUIPO TOTAL;5,00;27/05/2021;9-DGA=9-T.ACE/9-T.PAP/9-PD/9-ARC//9-OIL=;9-DGA=9-T.ACE/9-T.PAP/9-PD/9-ARC//9-OIL=9-FQ/9-DIE//9-HUM//9-OIL.CORR/ /5-INSP= 8-GAB/8-BUJ/
109358;REACTOR TOTAL;2,00;27/05/2021;2-DGA= DP/(C) /2-HUM=DELTA//9-OIL.CORR/;2-DGA= DP/(C) /2-HUM=DELTA//9-OIL.CORR/ /2-INSP=8-ENF/2-PRO-M/8-CUB/8-GAB/8-BUJ/
109409;REACTOR TOTAL;5,00;27/05/2021;/8-INSP=8-ENF/8-PRO-M/8-CUB/8-GAB/8-BUJ/;
111973;REACTOR TOTAL;5,00;27/05/2021;/9-OIL.CORR/ /8-INSP=8-ENF/8-PRO-M/8-CUB;/9-OIL.CORR/ /8-INSP=8-ENF/8-PRO-M/8-CUB/8-GAB/8-BUJ/
112119;REACTOR TOTAL;5,00;27/05/2021;/9-OIL.CORR/ /8-INSP=8-ENF/8-PRO-M/8-CUB;/9-OIL.CORR/ /8-INSP=8-ENF/8-PRO-M/8-CUB/8-GAB/8-BUJ/
116134;REACTOR TOTAL;5,00;27/05/2021;/9-OIL.CORR/ /8-INSP=8-ENF/8-PRO-M/8-CUB;/9-OIL.CORR/ /8-INSP=8-ENF/8-PRO-M/8-CUB/8-GAB/8-BUJ/
116150;REACTOR TOTAL;5,00;27/05/2021;/9-OIL.CORR/ /8-INSP=8-ENF/8-PRO-M/8-CUB;/9-OIL.CORR/ /8-INSP=8-ENF/8-PRO-M/8-CUB/8-GAB/8-BUJ/
116151;REACTOR TOTAL;5,00;27/05/2021;7-DGA=7-T.ACE/7-T.PAP/7-PD/7-ARC/ /9-OIL;7-DGA=7-T.ACE/7-T.PAP/7-PD/7-ARC/ /9-OIL.CORR/ /8-INSP=8-ENF/8-PRO-M/8-CUB/8-GAB/8-BUJ/
118155;REACTOR TOTAL;5,00;27/05/2021;/9-OIL.CORR/ /8-INSP=8-ENF/8-PRO-M/8-CUB;/9-OIL.CORR/ /8-INSP=8-ENF/8-PRO-M/8-CUB/8-GAB/8-BUJ/
118157;REACTOR TOTAL;5,00;27/05/2021;/8-INSP=8-ENF/8-PRO-M/8-CUB/8-GAB/8-BUJ/;
121334;REACTOR TOTAL;5,00;27/05/2021;/8-INSP=8-ENF/8-PRO-M/8-CUB/8-GAB/8-BUJ/;
123027;REACTOR TOTAL;5,00;27/05/2021;/8-INSP=8-ENF/8-PRO-M/8-CUB/8-GAB/8-BUJ/;
133028;REACTOR TOTAL;5,00;27/05/2021;/8-INSP=8-ENF/8-PRO-M/8-CUB/8-GAB/8-BUJ/;
133040;REACTOR TOTAL;5,00;27/05/2021;/8-INSP=8-ENF/8-PRO-M/8-CUB/8-GAB/8-BUJ/;
133211;REACTOR TOTAL;5,00;27/05/2021;/8-INSP=8-ENF/8-PRO-M/8-CUB/8-GAB/8-BUJ/;
133212;REACTOR TOTAL;5,00;27/05/2021;/8-INSP=8-ENF/8-PRO-M/8-CUB/8-GAB/8-BUJ/;
133213;REACTOR TOTAL;5,00;27/05/2021;/8-INSP=8-ENF/8-PRO-M/8-CUB/8-GAB/8-BUJ/;
111569;REACTOR TOTAL;3,00;27/05/2021;/9-OIL.CORR/ /3-INSP=8-ENF/3-PRO-M/8-CUB;/9-OIL.CORR/ /3-INSP=8-ENF/3-PRO-M/8-CUB/8-GAB/8-BUJ/
112004;REACTOR TOTAL;3,00;27/05/2021;/9-OIL.CORR/ /3-INSP=8-ENF/3-PRO-M/8-CUB;/9-OIL.CORR/ /3-INSP=8-ENF/3-PRO-M/8-CUB/8-GAB/8-BUJ/
112132;REACTOR TOTAL;5,00;27/05/2021;/9-OIL.CORR/ /8-INSP=8-ENF/8-PRO-M/8-CUB;/9-OIL.CORR/ /8-INSP=8-ENF/8-PRO-M/8-CUB/8-GAB/8-BUJ/
118447;REACTOR TOTAL;5,00;27/05/2021;/9-OIL.CORR/ /8-INSP=8-ENF/8-PRO-M/8-CUB;/9-OIL.CORR/ /8-INSP=8-ENF/8-PRO-M/8-CUB/8-GAB/8-BUJ/
120866;REACTOR TOTAL;2,00;27/05/2021;/2-INSP= 2-PRO-M/8-CUB/9-GAB/8-BUJ/;
300390;REACTOR TOTAL;3,00;27/05/2021;/3-INSP=9-ENF/ 3-CUB/9-GAB/8-BUJ/;
2005219;EQUIPO TOTAL;3,00;27/05/2021;/9-OIL.CORR/ /3-INSP= 3-CUB/9-GAB/8-BUJ/;
2005220;EQUIPO TOTAL;5,00;27/05/2021;/9-OIL.CORR/ /5-INSP= 9-GAB/8-BUJ/;
2005221;EQUIPO TOTAL;5,00;27/05/2021;/9-OIL.CORR/ /5-INSP= 9-GAB/8-BUJ/;
2005222;EQUIPO TOTAL;5,00;27/05/2021;/9-OIL.CORR/ /5-INSP= 9-GAB/8-BUJ/;
807717;EQUIPO TOTAL;3,00;27/05/2021;7-DGA=7-T.ACE/7-T.PAP/7-PD/7-ARC//8-OIL=;7-DGA=7-T.ACE/7-T.PAP/7-PD/7-ARC//8-OIL= 8-DIE/ /9-OIL.CORR/ /3-INSP= 3-CUB/9-GAB/8-BUJ/
201117;EQUIPO TOTAL;3,00;27/05/2021;3-INSPECCIONES OPERATIVAS: CONDICIÓN CUB;3-INSPECCIONES OPERATIVAS: CONDICIÓN CUBA. /3-INSP= 3-CUB/
201120;EQUIPO TOTAL;5,00;27/05/2021;;
203341;EQUIPO TOTAL;5,00;27/05/2021;;
808069;EQUIPO TOTAL;3,00;27/05/2021;3-DGA:FALLA TÉRMICA PAPEL. 3-DGA= T-PAP(;3-DGA:FALLA TÉRMICA PAPEL. 3-DGA= T-PAP(C)/ /6-HUM/6-HUM_PAP/
2011657;TRANSFORMADOR TOTAL;5,00;27/05/2021;7-DGA=7-T.ACE/7-T.PAP/7-PD/7-ARC/ /9-OIL;7-DGA=7-T.ACE/7-T.PAP/7-PD/7-ARC/ /9-OIL.TAP/ /5-INSP=8-ENF/8-PRO-M/ 8-CUB/8-BUJ/8-P.CUB/
119038;EQUIPO TOTAL;5,00;26/05/2021;;
119039;EQUIPO TOTAL;2,00;26/05/2021;2-INSPECCIONES OPERATIVAS: SISTEMA DE EN;2-INSPECCIONES OPERATIVAS: SISTEMA DE ENFRIAMIENTO. /2-INSP=2-ENF/
119040;EQUIPO TOTAL;5,00;26/05/2021;;
120811;EQUIPO TOTAL;5,00;26/05/2021;;
201438;EQUIPO TOTAL;3,00;26/05/2021;3-DGA:FALLA TÉRMICA PAPEL. 3-DGA= T-PAP(;3-DGA:FALLA TÉRMICA PAPEL. 3-DGA= T-PAP(S)/
201583;EQUIPO TOTAL;5,00;26/05/2021;;
201606;EQUIPO TOTAL;5,00;26/05/2021;;
201608;EQUIPO TOTAL;5,00;26/05/2021;;
807832;EQUIPO TOTAL;3,00;26/05/2021;3-INSPECCIONES OPERATIVAS: CONDICIÓN CUB;3-INSPECCIONES OPERATIVAS: CONDICIÓN CUBA. /9-OIL.TAP/ /3-INSP= 3-CUB/
807833;EQUIPO TOTAL;2,00;26/05/2021;2-ACEITE CUBA: CONDICIÓN DIELÉCTRICA. /2;2-ACEITE CUBA: CONDICIÓN DIELÉCTRICA. /2-OIL= DIEL.PF/ /9-OIL.TAP/
810450;EQUIPO TOTAL;2,00;26/05/2021;2-INSPECCIONES OPERATIVAS: SISTEMA DE EN;2-INSPECCIONES OPERATIVAS: SISTEMA DE ENFRIAMIENTO. MANDO Y FILTRO OLTC.CONDICIÓN CUBA. /2-INSP=9-ENF/ 2-M.OLTC/2-CUB/2-BUJ/3-P.CUB/
810451;EQUIPO TOTAL;2,00;26/05/2021;2-INSPECCIONES OPERATIVAS: SISTEMA DE EN;2-INSPECCIONES OPERATIVAS: SISTEMA DE ENFRIAMIENTO. CONDICIÓN CUBA. /2-INSP=9-ENF/ 3-CUB/2-BUJ/3-P.CUB/
2005481;EQUIPO TOTAL;5,00;26/05/2021;;
2005482;EQUIPO TOTAL;3,00;26/05/2021;3-CONDICIÓN DIELÉCTRICA OLTC: PRESENCIA;3-CONDICIÓN DIELÉCTRICA OLTC: PRESENCIA DE HUMEDAD. /3-OIL.TAP=DIAG
2008328;EQUIPO TOTAL;3,00;26/05/2021;3-CONDICIÓN DIELÉCTRICA OLTC:DESVIACIÓN;3-CONDICIÓN DIELÉCTRICA OLTC:DESVIACIÓN ÚLTIMO RESULTADO RESPECTO A LA MEDIA. 3-INSPECCIONES OPERATIVAS: CONDICIÓN CUBA. /3-OIL.TAP= DELTA/ /3-INSP= 3-CUB/
2008329;EQUIPO TOTAL;5,00;26/05/2021;;
2008330;EQUIPO TOTAL;5,00;26/05/2021;;
201582;EQUIPO TOTAL;5,00;26/05/2021;;
201607;EQUIPO TOTAL;3,00;26/05/2021;3-INSPECCIONES OPERATIVAS: CONDICIÓN CUB;3-INSPECCIONES OPERATIVAS: CONDICIÓN CUBA. /3-INSP= 3-CUB/
2005480;EQUIPO TOTAL;3,00;26/05/2021;3-INSPECCIONES OPERATIVAS:SISTEMA DE ENF;3-INSPECCIONES OPERATIVAS:SISTEMA DE ENFRIAMIENTO. /3-INSP=3-ENF/
2008327;EQUIPO TOTAL;5,00;26/05/2021;;
201585;EQUIPO TOTAL;5,00;26/05/2021;;
2012398;EQUIPO TOTAL;3,00;25/05/2021;/9-OIL.CORR/ /3-INSP= 3-CUB/8-GAB/8-BUJ/;
2012399;EQUIPO TOTAL;5,00;25/05/2021;/9-OIL.CORR/ /5-INSP= 8-GAB/8-BUJ/;
2014342;EQUIPO TOTAL;5,00;25/05/2021;9-DGA=9-T.ACE/9-T.PAP/9-PD/9-ARC//9-OIL=;9-DGA=9-T.ACE/9-T.PAP/9-PD/9-ARC//9-OIL=9-FQ/9-DIE//9-HUM//9-OIL.CORR/ /5-INSP= 8-GAB/8-BUJ/
2014343;EQUIPO TOTAL;5,00;25/05/2021;9-DGA=9-T.ACE/9-T.PAP/9-PD/9-ARC//9-OIL=;9-DGA=9-T.ACE/9-T.PAP/9-PD/9-ARC//9-OIL=9-FQ/9-DIE//9-HUM//9-OIL.CORR/ /5-INSP= 8-GAB/8-BUJ/
2014344;EQUIPO TOTAL;5,00;25/05/2021;9-DGA=9-T.ACE/9-T.PAP/9-PD/9-ARC//9-OIL=;9-DGA=9-T.ACE/9-T.PAP/9-PD/9-ARC//9-OIL=9-FQ/9-DIE//9-HUM//9-OIL.CORR/ /5-INSP= 8-GAB/8-BUJ/
2014345;EQUIPO TOTAL;5,00;25/05/2021;9-DGA=9-T.ACE/9-T.PAP/9-PD/9-ARC//9-OIL=;9-DGA=9-T.ACE/9-T.PAP/9-PD/9-ARC//9-OIL=9-FQ/9-DIE//9-HUM//9-OIL.CORR/ /5-INSP= 8-GAB/8-BUJ/
2003456;EQUIPO TOTAL;5,00;25/05/2021;7-DGA=7-T.ACE/7-T.PAP/7-PD/7-ARC/ /8-OIL;7-DGA=7-T.ACE/7-T.PAP/7-PD/7-ARC/ /8-OIL.TAP/ /5-INSP=8-ENF/8-PRO-M/ 8-CUB/8-BUJ/8-P.CUB/
2010240;EQUIPO TOTAL;2,00;25/05/2021;/9-OIL.CORR/ /2-INSP= 2-PRO-M/ 8-GAB/8-B;/9-OIL.CORR/ /2-INSP= 2-PRO-M/ 8-GAB/8-BUJ/
2005217;EQUIPO TOTAL;5,00;25/05/2021;/9-OIL.CORR/ /5-INSP= 9-GAB/8-BUJ/;
2005218;EQUIPO TOTAL;5,00;25/05/2021;/9-OIL.CORR/ /5-INSP= 9-GAB/8-BUJ/;
2005216;EQUIPO TOTAL;5,00;25/05/2021;/9-OIL.CORR/ /5-INSP= 9-GAB/8-BUJ/;
2005215;EQUIPO TOTAL;3,00;25/05/2021;/9-OIL.CORR/ /3-INSP= 3-CUB/9-GAB/8-BUJ/;
111566;REACTOR TOTAL;2,00;25/05/2021;/2-INSP=2-ENF/ 9-GAB/8-BUJ/;
111567;REACTOR TOTAL;5,00;25/05/2021;/5-INSP= 9-GAB/8-BUJ/;
111568;REACTOR TOTAL;5,00;25/05/2021;/5-INSP= 9-GAB/8-BUJ/;
111690;REACTOR TOTAL;5,00;25/05/2021;/5-INSP= 9-GAB/8-BUJ/;
2004555;EQUIPO TOTAL;3,00;24/05/2021;3-INSPECCIONES OPERATIVAS: CONDICIÓN CUB;3-INSPECCIONES OPERATIVAS: CONDICIÓN CUBA. /3-INSP= 3-PRO-M/ 3-CUB/
809365;EQUIPO TOTAL;1,00;23/05/2021;1-DGA: CONDICIÓN DIELÉCTRICA. 2-INSPECCI;1-DGA: CONDICIÓN DIELÉCTRICA. 2-INSPECCIONES OPERATIVAS: MANDO Y FILTRO OLTC.CONDICIÓN CUBA. /1-OIL= DIEL.PF/ /9-OIL.TAP/ /2-INSP= 2 -M.OLTC/3-CUB/2-BUJ/
809372;EQUIPO TOTAL;2,00;23/05/2021;2-INSPECCIONES OPERATIVAS: MANDO Y FILTR;2-INSPECCIONES OPERATIVAS: MANDO Y FILTRO OLTC.CONDICIÓN CUBA. /9-OIL.TAP/ /2-INSP= 2-M.OLTC/3-CUB/
111434;EQUIPO TOTAL;3,00;21/05/2021;3-INSPECCIONES OPERATIVAS: CONDICIÓN CUB;3-INSPECCIONES OPERATIVAS: CONDICIÓN CUBA. /3-INSP= 3-P.CUB/
131248;EQUIPO TOTAL;3,00;21/05/2021;3-INSPECCIONES OPERATIVAS: /3-INSP= 3-PR;3-INSPECCIONES OPERATIVAS: /3-INSP= 3-PRO-M/
132380;EQUIPO TOTAL;5,00;21/05/2021;;
132381;EQUIPO TOTAL;5,00;21/05/2021;;
132574;EQUIPO TOTAL;3,00;21/05/2021;3-INSPECCIONES OPERATIVAS: CONDICIÓN CUB;3-INSPECCIONES OPERATIVAS: CONDICIÓN CUBA. /3-INSP= 3-P.CUB/
808779;EQUIPO TOTAL;2,00;21/05/2021;2-ACEITE CUBA: CONDICIÓN DIELÉCTRICA. /2;2-ACEITE CUBA: CONDICIÓN DIELÉCTRICA. /2-OIL= DIEL/ /9-OIL.TAP/
2006014;EQUIPO TOTAL;2,00;21/05/2021;2-INSPECCIONES OPERATIVAS: MANDO Y FILTR;2-INSPECCIONES OPERATIVAS: MANDO Y FILTRO OLTC.CONDICIÓN CUBA. 7-DGA=7-T.ACE/7-T.PAP/7-PD/7-ARC/ /2-INSP= 2-M.OLTC/3-CUB/2-BUJ/
2008031;EQUIPO TOTAL;5,00;21/05/2021;/5-INSP= 8-P.CUB/;
2012294;TRANSFORMADOR TOTAL;5,00;21/05/2021;/8-OIL=9-FQ/8-DIE//9-HUM//8-HUM_PAP//9-O;/8-OIL=9-FQ/8-DIE//9-HUM//8-HUM_PAP//9-OIL.TAP/ /5-INSP=8-ENF/8-PRO-M/ 8-CUB/8-BUJ/8-P.CUB/
2012295;TRANSFORMADOR TOTAL;5,00;21/05/2021;/8-OIL=9-FQ/8-DIE//9-HUM//8-HUM_PAP//9-O;/8-OIL=9-FQ/8-DIE//9-HUM//8-HUM_PAP//9-OIL.TAP/ /5-INSP=8-ENF/8-PRO-M/ 8-CUB/8-BUJ/8-P.CUB/
201446;EQUIPO TOTAL;3,00;21/05/2021;3-INSPECCIONES OPERATIVAS: CONDICIÓN CUB;3-INSPECCIONES OPERATIVAS: CONDICIÓN CUBA. /3-INSP= 3-CUB/
204125;AUTOTRAFO TOTAL;3,00;19/05/2021;3-DGA:FALLA TÉRMICA PAPEL. 3-INSPECCIONE;3-DGA:FALLA TÉRMICA PAPEL. 3-INSPECCIONES OPERATIVAS: CONDICIÓN CUBA. 3-DGA= T-PAP(S)//8-OIL= 8-DIE/ /8-HUM_PAP/ /3-INSP= 3-PRO-M/ 8 -CUB/8-BUJ/8-P.CUB/
810050;EQUIPO TOTAL;3,00;19/05/2021;3-ACEITE CUBA:CONDICIÓN DIELÉCTRICA. /3-;3-ACEITE CUBA:CONDICIÓN DIELÉCTRICA. /3-OIL= DIEL/ /9-OIL.TAP/
2003341;EQUIPO TOTAL;5,00;19/05/2021;7-DGA=7-T.ACE/7-T.PAP/7-PD/7-ARC/ /8-OIL;7-DGA=7-T.ACE/7-T.PAP/7-PD/7-ARC/ /8-OIL.TAP/
200733;EQUIPO TOTAL;3,00;19/05/2021;3-HUMEDAD EN PAPEL: /3-HUM_PAP= NO.EQ/;
202289;EQUIPO TOTAL;3,00;18/05/2021;3-CONDICIÓN DIELÉCTRICA OLTC: 3-HUMEDAD;3-CONDICIÓN DIELÉCTRICA OLTC: 3-HUMEDAD EN PAPEL: /3-HUM_PAP= NO.EQ//3-OIL.TAP= DELTA-C/
810049;EQUIPO TOTAL;5,00;18/05/2021;/9-OIL.TAP/;
2014354;EQUIPO TOTAL;5,00;18/05/2021;/9-OIL.TAP/ /5-INSP= 8-BUJ/;
2014356;EQUIPO TOTAL;5,00;18/05/2021;/9-OIL.TAP/ /5-INSP= 8-BUJ/;
2014358;EQUIPO TOTAL;5,00;18/05/2021;/9-OIL.TAP/ /5-INSP= 8-BUJ/;
2014362;EQUIPO TOTAL;5,00;18/05/2021;/5-INSP= 8-BUJ/;
2014364;EQUIPO TOTAL;5,00;18/05/2021;/9-OIL.TAP/ /5-INSP= 8-BUJ/;
2014366;EQUIPO TOTAL;5,00;18/05/2021;/9-OIL.TAP/ /5-INSP= 8-BUJ/;
2014360;EQUIPO TOTAL;5,00;18/05/2021;/9-OIL.TAP/ /5-INSP= 8-BUJ/;
2013033;REACTOR TOTAL;5,00;18/05/2021;- D:57.1428571429%;
115058;EQUIPO TOTAL;3,00;14/05/2021;3-INSPECCIONES OPERATIVAS: /3-INSP= 3-PR;3-INSPECCIONES OPERATIVAS: /3-INSP= 3-PRO-M/
2003568;EQUIPO TOTAL;5,00;14/05/2021;/5-INSP= 8-BUJ/;
2003795;EQUIPO TOTAL;5,00;14/05/2021;7-DGA=7-T.ACE/7-T.PAP/7-PD/7-ARC/;
808387;EQUIPO TOTAL;3,00;12/05/2021;3-INSPECCIONES OPERATIVAS: CONDICIÓN CUB;3-INSPECCIONES OPERATIVAS: CONDICIÓN CUBA. /9-OIL.TAP/ /3-INSP= 9-PRO-M/ 3-CUB/
2010223;EQUIPO TOTAL;5,00;11/05/2021;/5-INSP=9-ENF/9-PRO-M/ 9-CUB/9-BUJ/9-P.C;/5-INSP=9-ENF/9-PRO-M/ 9-CUB/9-BUJ/9-P.CUB/
2010224;EQUIPO TOTAL;5,00;11/05/2021;/5-INSP=9-ENF/9-PRO-M/ 9-CUB/9-BUJ/9-P.C;/5-INSP=9-ENF/9-PRO-M/ 9-CUB/9-BUJ/9-P.CUB/
2010226;EQUIPO TOTAL;5,00;11/05/2021;/5-INSP=9-ENF/9-PRO-M/ 9-CUB/9-BUJ/9-P.C;/5-INSP=9-ENF/9-PRO-M/ 9-CUB/9-BUJ/9-P.CUB/
200000;EQUIPO TOTAL;5,00;10/05/2021;;
830296;TRANSFORMADOR TOTAL;5,00;10/05/2021;7-DGA=7-T.ACE/7-T.PAP/7-PD/7-ARC/ /9-OIL;7-DGA=7-T.ACE/7-T.PAP/7-PD/7-ARC/ /9-OIL.TAP/ /5-INSP=8-ENF/8-PRO-M/ 8-CUB/8-BUJ/8-P.CUB/
2010225;EQUIPO TOTAL;2,00;10/05/2021;2-INSPECCIONES OPERATIVAS: SISTEMA DE EN;2-INSPECCIONES OPERATIVAS: SISTEMA DE ENFRIAMIENTO. CONDICIÓN CUBA. /2-INSP=9-ENF/2-PRO-M/ 9-CUB/9-BUJ/9-P.CUB/
202717;EQUIPO TOTAL;5,00;10/05/2021;/5-INSP= 9-P.CUB/;
202718;EQUIPO TOTAL;5,00;10/05/2021;/5-INSP= 9-P.CUB/;
202719;EQUIPO TOTAL;3,00;10/05/2021;3-INSPECCIONES OPERATIVAS: CONDICIÓN CUB;3-INSPECCIONES OPERATIVAS: CONDICIÓN CUBA. /3-INSP= 3-CUB/ 9-P.CUB/
123165;EQUIPO TOTAL;5,00;08/05/2021;;
123167;EQUIPO TOTAL;5,00;08/05/2021;;
810057;EQUIPO TOTAL;2,00;07/05/2021;2-DGA: FALLA TÉRMICA PAPEL.FALLA TÉRMICA;2-DGA: FALLA TÉRMICA PAPEL.FALLA TÉRMICA ACEITE. 2-INSPECCIONES OPERATIVAS: MANDO Y FILTRO OLTC.CONDICIÓN CUBA. 2-DGA=T-ACE(D)/T-PAP (S)/ /9-OIL.TAP/ /2-INSP= 2-M.OLTC/3-CUB/
811531;EQUIPO TOTAL;3,00;07/05/2021;3-INSPECCIONES OPERATIVAS: CONDICIÓN CUB;3-INSPECCIONES OPERATIVAS: CONDICIÓN CUBA. /9-OIL.TAP/ /3-INSP= 3-CUB/ 3-P.CUB/
2000256;EQUIPO TOTAL;3,00;07/05/2021;3-INSPECCIONES OPERATIVAS: CONDICIÓN CUB;3-INSPECCIONES OPERATIVAS: CONDICIÓN CUBA. /9-OIL.TAP/ /3-INSP= 3-CUB/ 3-P.CUB/
139690;EQUIPO TOTAL;3,00;07/05/2021;3-INSPECCIONES OPERATIVAS: CONDICIÓN CUB;3-INSPECCIONES OPERATIVAS: CONDICIÓN CUBA. /3-INSP= 3-CUB/8-BUJ/
140716;EQUIPO TOTAL;5,00;07/05/2021;/5-INSP= 8-BUJ/;
140717;EQUIPO TOTAL;5,00;07/05/2021;/5-INSP= 8-BUJ/;
140811;EQUIPO TOTAL;5,00;07/05/2021;/9-OIL.TAP/ /5-INSP=9-ENF/8-PRO-M/ 9-CUB;/9-OIL.TAP/ /5-INSP=9-ENF/8-PRO-M/ 9-CUB/8-BUJ/9-P.CUB/
200786;EQUIPO TOTAL;2,00;07/05/2021;2-DGA: FALLA TÉRMICA PAPEL.FALLA TÉRMICA;2-DGA: FALLA TÉRMICA PAPEL.FALLA TÉRMICA ACEITE. 3-CONDICIÓN DIELÉCTRICA OLTC: PRESENCIA DE HUMEDAD. 3-INSPECCIONES OPERATIVAS:SISTE MA DE ENFRIAMIENTO. CONDICIÓN CUBA. 2-DGA=T-ACE(D)/T-PAP(S)/ /3-OIL.TAP=DIAG /3-INSP=3-ENF/3-PRO-M/ 3-P.CUB/
202007;EQUIPO TOTAL;3,00;07/05/2021;3-HUMEDAD EN PAPEL: /3-HUM_PAP= NO.EQ/;
202377;EQUIPO TOTAL;5,00;07/05/2021;;
808386;EQUIPO TOTAL;3,00;07/05/2021;3-INSPECCIONES OPERATIVAS:SISTEMA DE ENF;3-INSPECCIONES OPERATIVAS:SISTEMA DE ENFRIAMIENTO. /9-OIL.TAP/ /3-INSP=3-ENF/
809582;EQUIPO TOTAL;2,00;07/05/2021;2-INSPECCIONES OPERATIVAS: SISTEMA DE EN;2-INSPECCIONES OPERATIVAS: SISTEMA DE ENFRIAMIENTO. CONDICIÓN CUBA. 7-DGA=7-T.ACE/7-T.PAP/7-PD/7-ARC/ /8-OIL.TAP/ /2-INSP=9-ENF/2-PR O-M/ 3-CUB/ 3-P.CUB/
2004520;EQUIPO TOTAL;3,00;07/05/2021;3-INSPECCIONES OPERATIVAS: CONDICIÓN CUB;3-INSPECCIONES OPERATIVAS: CONDICIÓN CUBA. /3-INSP= 3-P.CUB/
2004521;EQUIPO TOTAL;3,00;07/05/2021;3-DGA: ARCO ELÉCTRICO. 3-CONDICIÓN DIELÉ;3-DGA: ARCO ELÉCTRICO. 3-CONDICIÓN DIELÉCTRICA OLTC: PRESENCIA DE HUMEDAD. 3-INSPECCIONES OPERATIVAS: CONDICIÓN CUBA. 3-DGA= ARC(I)/  /3-OIL.TAP=DIAG /3-INSP= 3-P.CUB/
2008820;EQUIPO TOTAL;5,00;07/05/2021;;
202376;EQUIPO TOTAL;3,00;07/05/2021;3-INSPECCIONES OPERATIVAS: /3-INSP= 3-PR;3-INSPECCIONES OPERATIVAS: /3-INSP= 3-PRO-M/
123373;EQUIPO TOTAL;3,00;06/05/2021;3-INSPECCIONES OPERATIVAS: CONDICIÓN CUB;3-INSPECCIONES OPERATIVAS: CONDICIÓN CUBA. /3-INSP= 3-P.CUB/
2000407;EQUIPO TOTAL;2,00;05/05/2021;2-INSPECCIONES OPERATIVAS: SISTEMA DE EN;2-INSPECCIONES OPERATIVAS: SISTEMA DE ENFRIAMIENTO. /8-OIL.TAP/ /2-INSP=2-ENF/
2008096;EQUIPO TOTAL;3,00;05/05/2021;3-INSPECCIONES OPERATIVAS:SISTEMA DE ENF;3-INSPECCIONES OPERATIVAS:SISTEMA DE ENFRIAMIENTO. CONDICIÓN CUBA. 3-HUMEDAD EN PAPEL: /3-HUM_PAP= NO.EQ/ /3-INSP=9-ENF/ 3-CUB/9-BUJ /3-P.CUB/
2008097;EQUIPO TOTAL;3,00;05/05/2021;3-INSPECCIONES OPERATIVAS:SISTEMA DE ENF;3-INSPECCIONES OPERATIVAS:SISTEMA DE ENFRIAMIENTO. CONDICIÓN CUBA. /3-INSP=9-ENF/ 9-BUJ/3-P.CUB/
2008095;EQUIPO TOTAL;3,00;05/05/2021;3-INSPECCIONES OPERATIVAS:SISTEMA DE ENF;3-INSPECCIONES OPERATIVAS:SISTEMA DE ENFRIAMIENTO. CONDICIÓN CUBA. /3-INSP=9-ENF/ 3-CUB/9-BUJ/3-P.CUB/
811008;EQUIPO TOTAL;2,00;03/05/2021;2-CONDICIÓN DIELÉCTRICA OLTC: PRESENCIA;2-CONDICIÓN DIELÉCTRICA OLTC: PRESENCIA DE HUMEDAD. 7-DGA=7-T.ACE/7-T.PAP/7-PD/7-ARC/ /2-OIL.TAP=DIAG /5-INSP= 8-P.CUB/
2005826;EQUIPO TOTAL;5,00;03/05/2021;;
2005827;EQUIPO TOTAL;5,00;03/05/2021;/5-INSP=8-ENF/;
2005828;EQUIPO TOTAL;5,00;03/05/2021;/5-INSP=8-ENF/8-PRO-M/;
2004636;EQUIPO TOTAL;5,00;02/05/2021;;
2004637;EQUIPO TOTAL;5,00;02/05/2021;;
2004638;EQUIPO TOTAL;3,00;02/05/2021;3-INSPECCIONES OPERATIVAS: CONDICIÓN CUB;3-INSPECCIONES OPERATIVAS: CONDICIÓN CUBA. /3-INSP= 3-CUB/
808610;EQUIPO TOTAL;5,00;01/05/2021;/9-OIL.TAP/;
809873;EQUIPO TOTAL;2,00;01/05/2021;2-INSPECCIONES OPERATIVAS: SISTEMA DE EN;2-INSPECCIONES OPERATIVAS: SISTEMA DE ENFRIAMIENTO. CONDICIÓN CUBA. /9-OIL.TAP/ /2-INSP=3-ENF/ 2-CUB/
811349;EQUIPO TOTAL;5,00;01/05/2021;7-DGA=7-T.ACE/7-T.PAP/7-PD/7-ARC/ /8-OIL;7-DGA=7-T.ACE/7-T.PAP/7-PD/7-ARC/ /8-OIL.TAP/ /5-INSP=9-ENF/
200597;EQUIPO TOTAL;2,00;30/04/2021;2-CONDICIÓN DIELÉCTRICA OLTC: PRESENCIA;2-CONDICIÓN DIELÉCTRICA OLTC: PRESENCIA DE HUMEDAD. 2-ACEITE CUBA: CONDICIÓN DIELÉCTRICA. 2-INSPECCIONES OPERATIVAS: 3-HUMEDAD EN PA PEL: VERIFICADA CON WATER HEAT RUN TEST. /2-OIL= DIEL.PF/ /3-HUM_PAP= NO.EQ/WHRT//2-OIL.TAP=DIAG /2-INSP= 2-PRO-M/
201204;EQUIPO TOTAL;3,00;30/04/2021;3-INSPECCIONES OPERATIVAS: CONDICIÓN CUB;3-INSPECCIONES OPERATIVAS: CONDICIÓN CUBA. /3-INSP= 3-CUB/
201207;EQUIPO TOTAL;3,00;30/04/2021;3-INSPECCIONES OPERATIVAS: CONDICIÓN CUB;3-INSPECCIONES OPERATIVAS: CONDICIÓN CUBA. /3-INSP= 3-CUB/
201232;EQUIPO TOTAL;3,00;30/04/2021;3-INSPECCIONES OPERATIVAS: CONDICIÓN CUB;3-INSPECCIONES OPERATIVAS: CONDICIÓN CUBA. /3-INSP= 3-CUB/
201235;EQUIPO TOTAL;5,00;30/04/2021;/5-INSP=9-ENF/;
201238;EQUIPO TOTAL;5,00;30/04/2021;;
201263;EQUIPO TOTAL;3,00;30/04/2021;3-INSPECCIONES OPERATIVAS: CONDICIÓN CUB;3-INSPECCIONES OPERATIVAS: CONDICIÓN CUBA. /3-INSP= 3-P.CUB/
201266;EQUIPO TOTAL;3,00;30/04/2021;3-INSPECCIONES OPERATIVAS: CONDICIÓN CUB;3-INSPECCIONES OPERATIVAS: CONDICIÓN CUBA. /3-INSP= 3-CUB/ 3-P.CUB/
201269;EQUIPO TOTAL;3,00;30/04/2021;3-INSPECCIONES OPERATIVAS: CONDICIÓN CUB;3-INSPECCIONES OPERATIVAS: CONDICIÓN CUBA. /3-INSP= 3-PRO-M/ 3-CUB/
201871;EQUIPO TOTAL;3,00;30/04/2021;3-INSPECCIONES OPERATIVAS: CONDICIÓN CUB;3-INSPECCIONES OPERATIVAS: CONDICIÓN CUBA. /3-INSP= 3-P.CUB/
201872;EQUIPO TOTAL;3,00;30/04/2021;3-INSPECCIONES OPERATIVAS: CONDICIÓN CUB;3-INSPECCIONES OPERATIVAS: CONDICIÓN CUBA. /3-INSP= 3-P.CUB/
201873;EQUIPO TOTAL;3,00;30/04/2021;3-INSPECCIONES OPERATIVAS: CONDICIÓN CUB;3-INSPECCIONES OPERATIVAS: CONDICIÓN CUBA. /3-INSP= 3-CUB/ 3-P.CUB/
201201;EQUIPO TOTAL;5,00;30/04/2021;;
200646;EQUIPO TOTAL;5,00;29/04/2021;/5-INSP= 9-P.CUB/;
119233;EQUIPO TOTAL;5,00;28/04/2021;/9-OIL.TAP/;
119234;EQUIPO TOTAL;5,00;28/04/2021;/9-OIL.TAP/;
120810;EQUIPO TOTAL;5,00;28/04/2021;/9-OIL.TAP/;
202494;EQUIPO TOTAL;2,00;28/04/2021;2-DGA: FALLA TÉRMICA ACEITE. 2-DGA=T-ACE;2-DGA: FALLA TÉRMICA ACEITE. 2-DGA=T-ACE(D)/ /9-OIL.TAP/
119232;EQUIPO TOTAL;5,00;28/04/2021;/9-OIL.TAP/;
201447;EQUIPO TOTAL;2,00;28/04/2021;2-INSPECCIONES OPERATIVAS: CONDICIÓN CUB;2-INSPECCIONES OPERATIVAS: CONDICIÓN CUBA. /2-INSP= 2-PRO-M/ 3-CUB/
2004556;EQUIPO TOTAL;5,00;28/04/2021;;
2005670;EQUIPO TOTAL;2,00;28/04/2021;2-INSPECCIONES OPERATIVAS: SISTEMA DE EN;2-INSPECCIONES OPERATIVAS: SISTEMA DE ENFRIAMIENTO. /2-INSP=2-ENF/
2005671;EQUIPO TOTAL;3,00;28/04/2021;3-CONDICIÓN DIELÉCTRICA OLTC: PRESENCIA;3-CONDICIÓN DIELÉCTRICA OLTC: PRESENCIA DE HUMEDAD. /3-OIL.TAP=DIAG
2008032;EQUIPO TOTAL;5,00;28/04/2021;/5-INSP= 8-P.CUB/;
2008033;EQUIPO TOTAL;5,00;28/04/2021;/5-INSP= 8-P.CUB/;
2008034;EQUIPO TOTAL;5,00;28/04/2021;/5-INSP= 8-P.CUB/;
201445;EQUIPO TOTAL;2,00;28/04/2021;2-INSPECCIONES OPERATIVAS: CONDICIÓN CUB;2-INSPECCIONES OPERATIVAS: CONDICIÓN CUBA. /2-INSP= 2-PRO-M/ 2-CUB/
121768;EQUIPO TOTAL;5,00;28/04/2021;/5-INSP= 9-P.CUB/;
301908;EQUIPO TOTAL;5,00;27/04/2021;/9-OIL.TAP/;
141063;CONTROL-MEDIDA TOTAL;9,00;26/04/2021;. . . . . . . . . . . .;
141066;CONTROL-MEDIDA TOTAL;9,00;26/04/2021;. . . . . . . . . . . .;
141069;CONTROL-MEDIDA TOTAL;9,00;26/04/2021;. . . . . . . . . . . .;
141072;CONTROL-MEDIDA TOTAL;9,00;26/04/2021;. . . . . . . . . . . .;
141075;CONTROL-MEDIDA TOTAL;9,00;26/04/2021;. . . . . . . . . . . .;
141078;CONTROL-MEDIDA TOTAL;9,00;26/04/2021;. . . . . . . . . . . .;
141081;CONTROL-MEDIDA TOTAL;9,00;26/04/2021;. . . . . . . . . . . .;
141084;CONTROL-MEDIDA TOTAL;9,00;26/04/2021;. . . . . . . . . . . .;
202278;EQUIPO TOTAL;3,00;25/04/2021;3-CONDICIÓN DIELÉCTRICA OLTC: PRESENCIA;3-CONDICIÓN DIELÉCTRICA OLTC: PRESENCIA DE HUMEDAD. 3-INSPECCIONES OPERATIVAS: MANDO Y FILTRO OLTC.CONDICIÓN CUBA. /3-OIL.TAP=DIAG / 3-INSP= 3-M.OLTC/ 3-P.CUB/
202279;EQUIPO TOTAL;1,00;25/04/2021;1-DGA: ARCO ELÉCTRICO. 3-CONDICIÓN DIELÉ;1-DGA: ARCO ELÉCTRICO. 3-CONDICIÓN DIELÉCTRICA OLTC: PRESENCIA DE HUMEDAD. 2-INSPECCIONES OPERATIVAS: MANDO Y FILTRO OLTC.CONDICIÓN CUBA. 1-DGA= ARC(C)/ /3-OIL.TAP=DIAG /2-INSP= 2-M.OLTC/ 3-P.CUB/
202280;EQUIPO TOTAL;3,00;25/04/2021;3-INSPECCIONES OPERATIVAS: MANDO Y FILTR;3-INSPECCIONES OPERATIVAS: MANDO Y FILTRO OLTC.CONDICIÓN CUBA. /3-INSP= 3-M.OLTC/ 3-P.CUB/
818943;TRANSFORMADOR TOTAL;5,00;23/04/2021;7-DGA=7-T.ACE/7-T.PAP/7-PD/7-ARC/ /9-OIL;7-DGA=7-T.ACE/7-T.PAP/7-PD/7-ARC/ /9-OIL.TAP/ /5-INSP=8-ENF/8-PRO-M/ 8-CUB/8-BUJ/8-P.CUB/
202658;EQUIPO TOTAL;3,00;23/04/2021;3-INSPECCIONES OPERATIVAS: CONDICIÓN CUB;3-INSPECCIONES OPERATIVAS: CONDICIÓN CUBA. /3-INSP= 3-P.CUB/
2008857;EQUIPO TOTAL;5,00;23/04/2021;7-DGA=7-T.ACE/7-T.PAP/7-PD/7-ARC/ /8-OIL;7-DGA=7-T.ACE/7-T.PAP/7-PD/7-ARC/ /8-OIL.TAP/ /5-INSP=8-ENF/8-PRO-M/ 8-CUB/8-BUJ/8-P.CUB/
202375;EQUIPO TOTAL;5,00;23/04/2021;;
2013775;EQUIPO TOTAL;5,00;20/04/2021;9-DGA=9-T.ACE/9-T.PAP/9-PD/9-ARC//9-OIL=;9-DGA=9-T.ACE/9-T.PAP/9-PD/9-ARC//9-OIL=9-FQ/9-DIEL//9-HUM//9-HUM_PAP//9-OIL.TAP/ /5-INSP=9-ENF/8-PRO-M/ 9-CUB/9-BUJ/9-P.CUB/
2013776;EQUIPO TOTAL;5,00;20/04/2021;9-DGA=9-T.ACE/9-T.PAP/9-PD/9-ARC//9-OIL=;9-DGA=9-T.ACE/9-T.PAP/9-PD/9-ARC//9-OIL=9-FQ/9-DIEL//9-HUM//9-HUM_PAP//9-OIL.TAP/ /5-INSP=9-ENF/8-PRO-M/ 9-CUB/9-BUJ/9-P.CUB/
2013774;EQUIPO TOTAL;5,00;20/04/2021;9-DGA=9-T.ACE/9-T.PAP/9-PD/9-ARC//9-OIL=;9-DGA=9-T.ACE/9-T.PAP/9-PD/9-ARC//9-OIL=9-FQ/9-DIEL//9-HUM//9-HUM_PAP//9-OIL.TAP/ /5-INSP=9-ENF/8-PRO-M/ 9-CUB/9-BUJ/9-P.CUB/
115094;EQUIPO TOTAL;3,00;19/04/2021;3-INSPECCIONES OPERATIVAS: /3-INSP= 3-PR;3-INSPECCIONES OPERATIVAS: /3-INSP= 3-PRO-M/
111103;EQUIPO TOTAL;5,00;19/04/2021;;
111104;EQUIPO TOTAL;2,00;19/04/2021;2-INSPECCIONES OPERATIVAS: /2-INSP= 2-PR;2-INSPECCIONES OPERATIVAS: /2-INSP= 2-PRO-M/
111105;EQUIPO TOTAL;5,00;19/04/2021;/5-INSP= 8-CUB/;
111435;EQUIPO TOTAL;5,00;19/04/2021;;
115057;EQUIPO TOTAL;3,00;19/04/2021;3-HUMEDAD EN PAPEL: /3-HUM_PAP= NO.EQ/;
115059;EQUIPO TOTAL;3,00;19/04/2021;3-DGA:FALLA TÉRMICA PAPEL. 3-DGA= T-PAP(;3-DGA:FALLA TÉRMICA PAPEL. 3-DGA= T-PAP(C)/
115091;EQUIPO TOTAL;2,00;19/04/2021;2-INSPECCIONES OPERATIVAS: /2-INSP= 2-PR;2-INSPECCIONES OPERATIVAS: /2-INSP= 2-PRO-M/
115092;EQUIPO TOTAL;5,00;19/04/2021;;
115093;EQUIPO TOTAL;3,00;19/04/2021;3-INSPECCIONES OPERATIVAS: /3-INSP= 3-PR;3-INSPECCIONES OPERATIVAS: /3-INSP= 3-PRO-M/
116135;EQUIPO TOTAL;5,00;19/04/2021;;
116136;EQUIPO TOTAL;5,00;19/04/2021;;
116137;EQUIPO TOTAL;3,00;19/04/2021;3-DGA:FALLA TÉRMICA PAPEL. 3-DGA= T-PAP(;3-DGA:FALLA TÉRMICA PAPEL. 3-DGA= T-PAP(C)/
116142;EQUIPO TOTAL;5,00;19/04/2021;;
116143;EQUIPO TOTAL;1,00;19/04/2021;1-CONDICIÓN DIELÉCTRICA OLTC: DESVIACIÓN;1-CONDICIÓN DIELÉCTRICA OLTC: DESVIACIÓN ÚLTIMO RESULTADO RESPECTO A LA MEDIA. /1-OIL.TAP=DELTA/
116144;EQUIPO TOTAL;1,00;19/04/2021;1-CONDICIÓN DIELÉCTRICA OLTC: DESVIACIÓN;1-CONDICIÓN DIELÉCTRICA OLTC: DESVIACIÓN ÚLTIMO RESULTADO RESPECTO A LA MEDIA. /1-OIL.TAP=DELTA/ /5-INSP= 8-CUB/
118095;EQUIPO TOTAL;3,00;19/04/2021;3-HUMEDAD EN PAPEL: /3-HUM_PAP= NO.EQ/;
118487;EQUIPO TOTAL;1,00;19/04/2021;3-DGA:FALLA TÉRMICA PAPEL.1-CONDICIÓN DI;3-DGA:FALLA TÉRMICA PAPEL.1-CONDICIÓN DIELÉCTRICA OLTC: DESVIACIÓN ÚLTIMO RESULTADO RESPECTO A LA MEDIA. 3-DGA= T-PAP(S)/ /1-OIL.TAP =DELTA/
111433;EQUIPO TOTAL;2,00;19/04/2021;2-ACEITE CUBA: CONDICIÓN DIELÉCTRICA. /2;2-ACEITE CUBA: CONDICIÓN DIELÉCTRICA. /2-OIL= DIEL.PF//6-HUM/6-HUM_PAP/
136589;EQUIPO TOTAL;2,00;19/04/2021;2-DGA: FALLA TÉRMICA ACEITE. 3-INSPECCIO;2-DGA: FALLA TÉRMICA ACEITE. 3-INSPECCIONES OPERATIVAS:SISTEMA DE ENFRIAMIENTO. CONDICIÓN CUBA. 2-DGA=T-ACE(C)/ /3-INSP=3-ENF/ 3-CUB /
136590;EQUIPO TOTAL;3,00;19/04/2021;3-INSPECCIONES OPERATIVAS:SISTEMA DE ENF;3-INSPECCIONES OPERATIVAS:SISTEMA DE ENFRIAMIENTO. CONDICIÓN CUBA. /3-INSP=3-ENF/ 3-CUB/
136588;EQUIPO TOTAL;2,00;19/04/2021;2-CONDICIÓN DIELÉCTRICA OLTC: PRESENCIA;2-CONDICIÓN DIELÉCTRICA OLTC: PRESENCIA DE HUMEDAD. 2-ACEITE CUBA: CONDICIÓN DIELÉCTRICA. 3-INSPECCIONES OPERATIVAS: MANDO Y FILTRO OLTC. /2-OIL= DIEL/ /2-OIL.TAP=DIAG /3-INSP= 3-M.OLTC/
202455;EQUIPO TOTAL;5,00;16/04/2021;;
203342;EQUIPO TOTAL;3,00;16/04/2021;3-INSPECCIONES OPERATIVAS:SISTEMA DE ENF;3-INSPECCIONES OPERATIVAS:SISTEMA DE ENFRIAMIENTO. CONDICIÓN CUBA. /3-INSP=9-ENF/ 8-BUJ/3-P.CUB/
809579;EQUIPO TOTAL;5,00;08/04/2021;/9-OIL.TAP/;
2003504;EQUIPO TOTAL;5,00;08/04/2021;7-DGA=7-T.ACE/7-T.PAP/7-PD/7-ARC/ /8-OIL;7-DGA=7-T.ACE/7-T.PAP/7-PD/7-ARC/ /8-OIL.TAP/
121767;EQUIPO TOTAL;3,00;08/04/2021;3-HUMEDAD EN PAPEL: /3-HUM_PAP= NO.EQ/ /;3-HUMEDAD EN PAPEL: /3-HUM_PAP= NO.EQ/ /5-INSP= 9-P.CUB/
200685;EQUIPO TOTAL;5,00;08/04/2021;/5-INSP= 9-P.CUB/;
809577;EQUIPO TOTAL;5,00;08/04/2021;;
809872;EQUIPO TOTAL;2,00;08/04/2021;2-DGA: ARCO ELÉCTRICO. 2-DGA= ARC(I)/ /9;2-DGA: ARCO ELÉCTRICO. 2-DGA= ARC(I)/ /9-OIL.TAP/ /5-INSP= 8-P.CUB/
132991;EQUIPO TOTAL;5,00;05/04/2021;;
132998;EQUIPO TOTAL;5,00;05/04/2021;;
133004;EQUIPO TOTAL;5,00;05/04/2021;;
133010;EQUIPO TOTAL;3,00;05/04/2021;3-INSPECCIONES OPERATIVAS:SISTEMA DE ENF;3-INSPECCIONES OPERATIVAS:SISTEMA DE ENFRIAMIENTO. /3-INSP=3-ENF/
200645;EQUIPO TOTAL;3,00;31/03/2021;3-HUMEDAD EN PAPEL: /3-HUM_PAP= NO.EQ/;
139691;EQUIPO TOTAL;5,00;29/03/2021;/5-INSP=9-ENF/ 8-BUJ/;
2006710;EQUIPO TOTAL;3,00;29/03/2021;3-INSPECCIONES OPERATIVAS: CONDICIÓN CUB;3-INSPECCIONES OPERATIVAS: CONDICIÓN CUBA. /3-INSP= 3-CUB/
131455;EQUIPO TOTAL;5,00;26/03/2021;/5-INSP= 9-P.CUB/;
2006258;EQUIPO TOTAL;5,00;26/03/2021;/8-OIL.TAP/ /5-INSP= 9-P.CUB/;
2006259;EQUIPO TOTAL;5,00;26/03/2021;/8-OIL.TAP/ /5-INSP= 9-P.CUB/;
2006260;EQUIPO TOTAL;5,00;26/03/2021;/8-OIL.TAP/ /5-INSP= 9-P.CUB/;
2006261;EQUIPO TOTAL;5,00;26/03/2021;/8-OIL.TAP/ /5-INSP= 9-P.CUB/;
123168;EQUIPO TOTAL;3,00;26/03/2021;3-INSPECCIONES OPERATIVAS: MANDO Y FILTR;3-INSPECCIONES OPERATIVAS: MANDO Y FILTRO OLTC.CONDICIÓN CUBA. /3-INSP= 3-M.OLTC/3-CUB/
131454;EQUIPO TOTAL;5,00;26/03/2021;/5-INSP= 9-P.CUB/;
123169;REACTOR TOTAL;3,00;26/03/2021;/3-INSP= 3-CUB/9-GAB/8-BUJ/;
123170;REACTOR TOTAL;3,00;26/03/2021;/3-INSP= 3-CUB/9-GAB/8-BUJ/;
123171;REACTOR TOTAL;5,00;26/03/2021;/5-INSP=9-ENF/ 9-GAB/8-BUJ/;
123181;REACTOR TOTAL;2,00;26/03/2021;/2-INSP= 2-PRO-M/ 9-GAB/8-BUJ/;
123184;REACTOR TOTAL;5,00;26/03/2021;/8-INSP=8-ENF/8-PRO-M/8-CUB/8-GAB/8-BUJ/;
123185;REACTOR TOTAL;5,00;26/03/2021;/8-INSP=8-ENF/8-PRO-M/8-CUB/8-GAB/8-BUJ/;
131587;REACTOR TOTAL;5,00;26/03/2021;/8-INSP=8-ENF/8-PRO-M/8-CUB/8-GAB/8-BUJ/;
118435;REACTOR TOTAL;5,00;26/03/2021;/5-INSP= 9-GAB/8-BUJ/;
123177;REACTOR TOTAL;5,00;26/03/2021;/5-INSP= 9-GAB/8-BUJ/;
123178;REACTOR TOTAL;2,00;26/03/2021;/2-INSP= 2-PRO-M/ 9-GAB/8-BUJ/;
123182;REACTOR TOTAL;5,00;26/03/2021;/5-INSP=9-ENF/ 9-GAB/8-BUJ/;
131914;REACTOR TOTAL;3,00;26/03/2021;/3-INSP=9-ENF/ 3-CUB/9-GAB/8-BUJ/;
137558;REACTOR TOTAL;5,00;26/03/2021;/5-INSP= 9-GAB/8-BUJ/;
123176;REACTOR TOTAL;5,00;26/03/2021;/5-INSP=9-ENF/ 9-GAB/8-BUJ/;
123180;REACTOR TOTAL;5,00;26/03/2021;/5-INSP= 9-GAB/8-BUJ/;
131586;REACTOR TOTAL;5,00;26/03/2021;/5-INSP=9-ENF/ 9-GAB/8-BUJ/;
2014667;EQUIPO TOTAL;5,00;20/03/2021;/9-OIL=9-FQ/9-DIEL//9-HUM/ /9-OIL.TAP/ /;/9-OIL=9-FQ/9-DIEL//9-HUM/ /9-OIL.TAP/ /5-INSP=9-ENF/9-PRO-M/ 9-CUB/9-BUJ/9-P.CUB/
2014668;EQUIPO TOTAL;5,00;20/03/2021;/9-OIL=9-FQ/9-DIEL//9-HUM/ /9-OIL.TAP/ /;/9-OIL=9-FQ/9-DIEL//9-HUM/ /9-OIL.TAP/ /5-INSP=9-ENF/9-PRO-M/ 9-CUB/9-BUJ/9-P.CUB/
2014669;EQUIPO TOTAL;5,00;20/03/2021;/9-OIL=9-FQ/9-DIEL//9-HUM/ /9-OIL.TAP/ /;/9-OIL=9-FQ/9-DIEL//9-HUM/ /9-OIL.TAP/ /5-INSP=9-ENF/9-PRO-M/ 9-CUB/9-BUJ/9-P.CUB/
2014670;EQUIPO TOTAL;5,00;20/03/2021;/9-OIL=9-FQ/9-DIEL//9-HUM/ /9-OIL.TAP/ /;/9-OIL=9-FQ/9-DIEL//9-HUM/ /9-OIL.TAP/ /5-INSP=9-ENF/9-PRO-M/ 9-CUB/9-BUJ/9-P.CUB/
131452;EQUIPO TOTAL;5,00;19/03/2021;/5-INSP= 9-P.CUB/;
131453;EQUIPO TOTAL;5,00;19/03/2021;/5-INSP= 9-P.CUB/;
2003796;EQUIPO TOTAL;5,00;12/03/2021;7-DGA=7-T.ACE/7-T.PAP/7-PD/7-ARC/ /8-OIL;7-DGA=7-T.ACE/7-T.PAP/7-PD/7-ARC/ /8-OIL.TAP/
200548;EQUIPO TOTAL;2,00;12/03/2021;3-ACEITE CUBA:CONDICIÓN DIELÉCTRICA. 2-I;3-ACEITE CUBA:CONDICIÓN DIELÉCTRICA. 2-INSPECCIONES OPERATIVAS: /3-OIL= DIEL/ /2-INSP= 2-PRO-M/
202659;EQUIPO TOTAL;3,00;12/03/2021;3-ACEITE CUBA:CONDICIÓN DIELÉCTRICA. /3-;3-ACEITE CUBA:CONDICIÓN DIELÉCTRICA. /3-OIL= DIEL/
120113;EQUIPO TOTAL;3,00;05/03/2021;3-HUMEDAD EN PAPEL: VERIFICADA CON WATER;3-HUMEDAD EN PAPEL: VERIFICADA CON WATER HEAT RUN TEST. /3-HUM_PAP= NO.EQ/WHRT/
200647;EQUIPO TOTAL;5,00;05/03/2021;;
201179;EQUIPO TOTAL;3,00;05/03/2021;3-DGA:FALLA TÉRMICA PAPEL. 3-DGA= T-PAP(;3-DGA:FALLA TÉRMICA PAPEL. 3-DGA= T-PAP(S)/
2005468;EQUIPO TOTAL;5,00;05/03/2021;;
2014542;EQUIPO TOTAL;5,00;04/03/2021;9-DGA=9-T.ACE/9-T.PAP/9-PD/9-ARC//9-OIL=;9-DGA=9-T.ACE/9-T.PAP/9-PD/9-ARC//9-OIL=9-FQ/9-DIEL//9-HUM//9-HUM_PAP//9-OIL.TAP/ /5-INSP=9-ENF/8-PRO-M/ 9-CUB/9-BUJ/9-P.CUB/
2014543;EQUIPO TOTAL;5,00;04/03/2021;9-DGA=9-T.ACE/9-T.PAP/9-PD/9-ARC//9-OIL=;9-DGA=9-T.ACE/9-T.PAP/9-PD/9-ARC//9-OIL=9-FQ/9-DIEL//9-HUM//9-HUM_PAP//9-OIL.TAP/ /5-INSP=9-ENF/8-PRO-M/ 9-CUB/9-BUJ/9-P.CUB/
2014541;EQUIPO TOTAL;5,00;04/03/2021;9-DGA=9-T.ACE/9-T.PAP/9-PD/9-ARC//9-OIL=;9-DGA=9-T.ACE/9-T.PAP/9-PD/9-ARC//9-OIL=9-FQ/9-DIEL//9-HUM//9-HUM_PAP//9-OIL.TAP/ /5-INSP=9-ENF/8-PRO-M/ 9-CUB/9-BUJ/9-P.CUB/
117274;REACTOR TOTAL;2,00;04/03/2021;/2-INSP=9-ENF/2-PRO-M/2-CUB/9-GAB/8-BUJ/;
141061;BUJE TOTAL;9,00;01/03/2021;9=C1_SIN CALIF/C2T_SIN CALIF/9=VF_SIN CA;9=C1_SIN CALIF/C2T_SIN CALIF/9=VF_SIN CALIF/9=TERM_SIN CALIF
141062;BUJE TOTAL;9,00;01/03/2021;9=C1_SIN CALIF/C2T_SIN CALIF/9=VF_SIN CA;9=C1_SIN CALIF/C2T_SIN CALIF/9=VF_SIN CALIF/9=TERM_SIN CALIF
141064;BUJE TOTAL;9,00;01/03/2021;9=C1_SIN CALIF/C2T_SIN CALIF/9=VF_SIN CA;9=C1_SIN CALIF/C2T_SIN CALIF/9=VF_SIN CALIF/9=TERM_SIN CALIF
141065;BUJE TOTAL;9,00;01/03/2021;9=C1_SIN CALIF/C2T_SIN CALIF/9=VF_SIN CA;9=C1_SIN CALIF/C2T_SIN CALIF/9=VF_SIN CALIF/9=TERM_SIN CALIF
141067;BUJE TOTAL;9,00;01/03/2021;9=C1_SIN CALIF/C2T_SIN CALIF/9=VF_SIN CA;9=C1_SIN CALIF/C2T_SIN CALIF/9=VF_SIN CALIF/9=TERM_SIN CALIF
141068;BUJE TOTAL;9,00;01/03/2021;9=C1_SIN CALIF/C2T_SIN CALIF/9=VF_SIN CA;9=C1_SIN CALIF/C2T_SIN CALIF/9=VF_SIN CALIF/9=TERM_SIN CALIF
141070;BUJE TOTAL;9,00;01/03/2021;9=C1_SIN CALIF/C2T_SIN CALIF/9=VF_SIN CA;9=C1_SIN CALIF/C2T_SIN CALIF/9=VF_SIN CALIF/9=TERM_SIN CALIF
141071;BUJE TOTAL;9,00;01/03/2021;9=C1_SIN CALIF/C2T_SIN CALIF/9=VF_SIN CA;9=C1_SIN CALIF/C2T_SIN CALIF/9=VF_SIN CALIF/9=TERM_SIN CALIF
141073;BUJE TOTAL;9,00;01/03/2021;9=C1_SIN CALIF/C2T_SIN CALIF/9=VF_SIN CA;9=C1_SIN CALIF/C2T_SIN CALIF/9=VF_SIN CALIF/9=TERM_SIN CALIF
141074;BUJE TOTAL;9,00;01/03/2021;9=C1_SIN CALIF/C2T_SIN CALIF/9=VF_SIN CA;9=C1_SIN CALIF/C2T_SIN CALIF/9=VF_SIN CALIF/9=TERM_SIN CALIF
141076;BUJE TOTAL;9,00;01/03/2021;9=C1_SIN CALIF/C2T_SIN CALIF/9=VF_SIN CA;9=C1_SIN CALIF/C2T_SIN CALIF/9=VF_SIN CALIF/9=TERM_SIN CALIF
141077;BUJE TOTAL;9,00;01/03/2021;9=C1_SIN CALIF/C2T_SIN CALIF/9=VF_SIN CA;9=C1_SIN CALIF/C2T_SIN CALIF/9=VF_SIN CALIF/9=TERM_SIN CALIF
141079;BUJE TOTAL;9,00;01/03/2021;9=C1_SIN CALIF/C2T_SIN CALIF/9=VF_SIN CA;9=C1_SIN CALIF/C2T_SIN CALIF/9=VF_SIN CALIF/9=TERM_SIN CALIF
141080;BUJE TOTAL;9,00;01/03/2021;9=C1_SIN CALIF/C2T_SIN CALIF/9=VF_SIN CA;9=C1_SIN CALIF/C2T_SIN CALIF/9=VF_SIN CALIF/9=TERM_SIN CALIF
141082;BUJE TOTAL;9,00;01/03/2021;9=C1_SIN CALIF/C2T_SIN CALIF/9=VF_SIN CA;9=C1_SIN CALIF/C2T_SIN CALIF/9=VF_SIN CALIF/9=TERM_SIN CALIF
141083;BUJE TOTAL;9,00;01/03/2021;9=C1_SIN CALIF/C2T_SIN CALIF/9=VF_SIN CA;9=C1_SIN CALIF/C2T_SIN CALIF/9=VF_SIN CALIF/9=TERM_SIN CALIF
301713;EQUIPO TOTAL;5,00;19/02/2021;;
301714;EQUIPO TOTAL;5,00;19/02/2021;;
300392;EQUIPO TOTAL;5,00;19/02/2021;;
300391;REACTOR TOTAL;3,00;19/02/2021;7-DGA=7-T.ACE/7-T.PAP/7-PD/7-ARC/ /3-INS;7-DGA=7-T.ACE/7-T.PAP/7-PD/7-ARC/ /3-INSP=9-ENF/ 3-CUB/9-GAB/8-BUJ/
118423;REACTOR TOTAL;2,00;18/02/2021;/2-INSP= 2-PRO-M/2-CUB/9-GAB/8-BUJ/;
118424;REACTOR TOTAL;2,00;18/02/2021;/2-INSP= 2-PRO-M/3-CUB/9-GAB/8-BUJ/;
301907;EQUIPO TOTAL;5,00;09/02/2021;/9-OIL.TAP/;
301909;EQUIPO TOTAL;3,00;09/02/2021;3-HUMEDAD EN PAPEL: /3-HUM_PAP= NO.EQ//9;3-HUMEDAD EN PAPEL: /3-HUM_PAP= NO.EQ//9-OIL.TAP/
808997;EQUIPO TOTAL;1,00;09/02/2021;1-DGA: FALLA TÉRMICA ACEITE.DESCARGA PAR;1-DGA: FALLA TÉRMICA ACEITE.DESCARGA PARCIAL. 3-INSPECCIONES OPERATIVAS: CONDICIÓN CUBA. 1-DGA=T-ACE(D)/ DP(D)/ /9-OIL.TAP/ /3-INSP=  9-CUB/3-BUJ/
301906;EQUIPO TOTAL;5,00;09/02/2021;/9-OIL.TAP/;
140715;EQUIPO TOTAL;5,00;09/02/2021;/5-INSP=9-ENF/ 8-BUJ/;
400039;EQUIPO TOTAL;2,00;09/02/2021;2-INSPECCIONES OPERATIVAS: MANDO Y FILTR;2-INSPECCIONES OPERATIVAS: MANDO Y FILTRO OLTC.CONDICIÓN CUBA. /2-INSP= 2-PRO-M/3-M.OLTC/3-CUB/ 3-P.CUB/
118094;EQUIPO TOTAL;5,00;09/02/2021;;
2014406;EQUIPO TOTAL;5,00;09/02/2021;9-DGA=9-T.ACE/9-T.PAP/9-PD/9-ARC//9-OIL=;9-DGA=9-T.ACE/9-T.PAP/9-PD/9-ARC//9-OIL=9-FQ/9-DIEL//9-HUM//9-HUM_PAP//9-OIL.TAP/ /5-INSP=9-ENF/8-PRO-M/ 9-CUB/9-BUJ/9-P.CUB/
2014407;EQUIPO TOTAL;5,00;09/02/2021;9-DGA=9-T.ACE/9-T.PAP/9-PD/9-ARC//9-OIL=;9-DGA=9-T.ACE/9-T.PAP/9-PD/9-ARC//9-OIL=9-FQ/9-DIEL//9-HUM//9-HUM_PAP//9-OIL.TAP/ /5-INSP=9-ENF/8-PRO-M/ 9-CUB/9-BUJ/9-P.CUB/
2014408;EQUIPO TOTAL;5,00;09/02/2021;9-DGA=9-T.ACE/9-T.PAP/9-PD/9-ARC//9-OIL=;9-DGA=9-T.ACE/9-T.PAP/9-PD/9-ARC//9-OIL=9-FQ/9-DIEL//9-HUM//9-HUM_PAP//9-OIL.TAP/ /5-INSP=9-ENF/8-PRO-M/ 9-CUB/9-BUJ/9-P.CUB/
300092;EQUIPO TOTAL;5,00;09/02/2021;;
300270;EQUIPO TOTAL;5,00;09/02/2021;;
301709;EQUIPO TOTAL;5,00;09/02/2021;;
301710;EQUIPO TOTAL;3,00;09/02/2021;3-HUMEDAD EN PAPEL: /3-HUM_PAP= NO.EQ/;
301711;EQUIPO TOTAL;5,00;09/02/2021;;
301715;EQUIPO TOTAL;5,00;09/02/2021;;
301716;EQUIPO TOTAL;5,00;09/02/2021;;
301717;EQUIPO TOTAL;5,00;09/02/2021;;
301719;EQUIPO TOTAL;3,00;09/02/2021;3-DGA:FALLA TÉRMICA PAPEL. 3-DGA= T-PAP(;3-DGA:FALLA TÉRMICA PAPEL. 3-DGA= T-PAP(C)/
301720;EQUIPO TOTAL;5,00;09/02/2021;;
301721;EQUIPO TOTAL;3,00;09/02/2021;3-DGA:FALLA TÉRMICA PAPEL. 3-DGA= T-PAP(;3-DGA:FALLA TÉRMICA PAPEL. 3-DGA= T-PAP(S)/
301722;EQUIPO TOTAL;3,00;09/02/2021;3-HUMEDAD EN PAPEL: /3-HUM_PAP= NO.EQ/;
136773;EQUIPO TOTAL;3,00;09/02/2021;3-CONDICIÓN DIELÉCTRICA OLTC: PRESENCIA;3-CONDICIÓN DIELÉCTRICA OLTC: PRESENCIA DE HUMEDAD. 3-INSPECCIONES OPERATIVAS:SISTEMA DE ENFRIAMIENTO. /3-OIL.TAP=DIAG /3-INSP=9-ENF /3-PRO-M/
2005470;EQUIPO TOTAL;5,00;09/02/2021;;
2005471;EQUIPO TOTAL;5,00;09/02/2021;;
100008;REACTOR TOTAL;5,00;08/02/2021;/5-INSP=9-ENF/ 9-GAB/8-BUJ/;
2011290;EQUIPO TOTAL;5,00;08/02/2021;/9-OIL=9-FQ/9-DIE//9-HUM//9-OIL.CORR/ /8;/9-OIL=9-FQ/9-DIE//9-HUM//9-OIL.CORR/ /8-INSP=9-ENF/9-PRO-M/9-CUB/8-GAB/8-BUJ/
2009627;EQUIPO TOTAL;3,00;08/02/2021;/9-OIL=9-FQ/9-DIE//9-HUM//9-OIL.CORR/ /3;/9-OIL=9-FQ/9-DIE//9-HUM//9-OIL.CORR/ /3-INSP=9-ENF/3-PRO-M/ 8-GAB/8-BUJ/
2011281;EQUIPO TOTAL;5,00;08/02/2021;/9-HUM//9-OIL.CORR/ /8-INSP=9-ENF/9-PRO-;/9-HUM//9-OIL.CORR/ /8-INSP=9-ENF/9-PRO-M/9-CUB/8-GAB/8-BUJ/
2011286;EQUIPO TOTAL;3,00;08/02/2021;/9-HUM//9-OIL.CORR/ /3-INSP=3-ENF/9-PRO-;/9-HUM//9-OIL.CORR/ /3-INSP=3-ENF/9-PRO-M/9-CUB/8-GAB/8-BUJ/
2011288;EQUIPO TOTAL;5,00;08/02/2021;/9-OIL=9-FQ/9-DIE//9-HUM//9-OIL.CORR/ /8;/9-OIL=9-FQ/9-DIE//9-HUM//9-OIL.CORR/ /8-INSP=9-ENF/9-PRO-M/9-CUB/8-GAB/8-BUJ/
2011680;EQUIPO TOTAL;5,00;08/02/2021;/9-OIL.CORR/ /5-INSP=9-ENF/ 8-GAB/8-BUJ/;
2009625;EQUIPO TOTAL;2,00;08/02/2021;/9-OIL.CORR/ /2-INSP=9-ENF/2-PRO-M/ 8-GA;/9-OIL.CORR/ /2-INSP=9-ENF/2-PRO-M/ 8-GAB/8-BUJ/
2011679;EQUIPO TOTAL;5,00;08/02/2021;/9-OIL.CORR/ /5-INSP=9-ENF/ 8-GAB/8-BUJ/;
103447;REACTOR TOTAL;3,00;08/02/2021;/3-INSP=3-ENF/ 3-CUB/9-GAB/8-BUJ/;
300091;REACTOR TOTAL;5,00;08/02/2021;/5-INSP= 8-CUB/9-GAB/8-BUJ/;
300268;REACTOR TOTAL;5,00;08/02/2021;/5-INSP= 8-CUB/9-GAB/8-BUJ/;
300269;REACTOR TOTAL;5,00;08/02/2021;T-PAP(S)/ /5-INSP=9-ENF/ 8-CUB/9-GAB/8-B;T-PAP(S)/ /5-INSP=9-ENF/ 8-CUB/9-GAB/8-BUJ/
200203;EQUIPO TOTAL;5,00;20/12/2020;;
200282;EQUIPO TOTAL;3,00;20/12/2020;3-INSPECCIONES OPERATIVAS: CONDICIÓN CUB;3-INSPECCIONES OPERATIVAS: CONDICIÓN CUBA. /3-INSP= 3-CUB/
200921;EQUIPO TOTAL;5,00;20/12/2020;/9-HUM//9-HUM_PAP//9-OIL.TAP/;
10031581;EQUIPO TOTAL;3,00;20/12/2020;3-DGA:FALLA TÉRMICA PAPEL. 3-DGA= T-PAP(;3-DGA:FALLA TÉRMICA PAPEL. 3-DGA= T-PAP(S)/ /8-OIL.TAP/ /5-INSP= 8-P.CUB/
10027837;EQUIPO TOTAL;3,00;20/12/2020;3-CONDICIÓN DIELÉCTRICA OLTC: PRESENCIA;3-CONDICIÓN DIELÉCTRICA OLTC: PRESENCIA DE HUMEDAD. /3-OIL.TAP=DIAG
123158;EQUIPO TOTAL;5,00;20/12/2020;;
123159;EQUIPO TOTAL;3,00;20/12/2020;3-INSPECCIONES OPERATIVAS: CONDICIÓN CUB;3-INSPECCIONES OPERATIVAS: CONDICIÓN CUBA. /3-INSP= 3-CUB/
123157;EQUIPO TOTAL;5,00;20/12/2020;;
123160;EQUIPO TOTAL;3,00;20/12/2020;3-INSPECCIONES OPERATIVAS: CONDICIÓN CUB;3-INSPECCIONES OPERATIVAS: CONDICIÓN CUBA. /3-INSP= 3-CUB/
2008098;EQUIPO TOTAL;3,00;20/12/2020;3-INSPECCIONES OPERATIVAS:SISTEMA DE ENF;3-INSPECCIONES OPERATIVAS:SISTEMA DE ENFRIAMIENTO. CONDICIÓN CUBA. /3-INSP=9-ENF/ 3-CUB/9-BUJ/3-P.CUB/
2010487;EQUIPO TOTAL;5,00;20/12/2020;/9-OIL=9-FQ/9-DIEL//9-HUM//9-HUM_PAP//9-;/9-OIL=9-FQ/9-DIEL//9-HUM//9-HUM_PAP//9-OIL.TAP/ /5-INSP= 9-BUJ/
2010489;EQUIPO TOTAL;5,00;20/12/2020;/9-OIL=9-FQ/9-DIEL//9-HUM//9-HUM_PAP//9-;/9-OIL=9-FQ/9-DIEL//9-HUM//9-HUM_PAP//9-OIL.TAP/ /5-INSP= 9-BUJ/
2010491;EQUIPO TOTAL;5,00;20/12/2020;/9-OIL=9-FQ/9-DIEL//9-HUM//9-HUM_PAP//9-;/9-OIL=9-FQ/9-DIEL//9-HUM//9-HUM_PAP//9-OIL.TAP/ /5-INSP= 9-BUJ/
2010492;EQUIPO TOTAL;5,00;20/12/2020;/9-OIL=9-FQ/9-DIEL//9-HUM//9-HUM_PAP//9-;/9-OIL=9-FQ/9-DIEL//9-HUM//9-HUM_PAP//9-OIL.TAP/ /5-INSP= 9-BUJ/
2014095;EQUIPO TOTAL;5,00;20/12/2020;/5-INSP=9-ENF/8-PRO-M/ 9-CUB/9-BUJ/9-P.C;/5-INSP=9-ENF/8-PRO-M/ 9-CUB/9-BUJ/9-P.CUB/
2014096;EQUIPO TOTAL;5,00;20/12/2020;/5-INSP=9-ENF/8-PRO-M/ 9-CUB/9-BUJ/9-P.C;/5-INSP=9-ENF/8-PRO-M/ 9-CUB/9-BUJ/9-P.CUB/
2014094;EQUIPO TOTAL;5,00;20/12/2020;/5-INSP=9-ENF/8-PRO-M/ 9-CUB/9-BUJ/9-P.C;/5-INSP=9-ENF/8-PRO-M/ 9-CUB/9-BUJ/9-P.CUB/
120112;EQUIPO TOTAL;3,00;20/12/2020;3-HUMEDAD EN PAPEL: /3-HUM_PAP= NO.EQ/;
201169;EQUIPO TOTAL;2,00;20/12/2020;2-INSPECCIONES OPERATIVAS: SISTEMA DE EN;2-INSPECCIONES OPERATIVAS: SISTEMA DE ENFRIAMIENTO. CONDICIÓN CUBA. 3-HUMEDAD EN PAPEL: /3-HUM_PAP= NO.EQ/ /2-INSP=9-ENF/2-PRO-M/ 9- CUB/ 9-P.CUB/
201174;EQUIPO TOTAL;3,00;20/12/2020;3-HUMEDAD EN PAPEL: /3-HUM_PAP= NO.EQ/ /;3-HUMEDAD EN PAPEL: /3-HUM_PAP= NO.EQ/ /5-INSP= 9-P.CUB/
2004937;EQUIPO TOTAL;5,00;20/12/2020;;
2005663;EQUIPO TOTAL;5,00;20/12/2020;;
2004934;EQUIPO TOTAL;5,00;20/12/2020;;
2004935;EQUIPO TOTAL;5,00;20/12/2020;;
2005469;EQUIPO TOTAL;5,00;20/12/2020;;
2004936;EQUIPO TOTAL;5,00;20/12/2020;;
140802;EQUIPO TOTAL;5,00;19/12/2020;/8-OIL= 8-DIE/ /9-OIL.CORR/ /8-INSP=9-EN;/8-OIL= 8-DIE/ /9-OIL.CORR/ /8-INSP=9-ENF/9-PRO-M/9-CUB/8-GAB/8-BUJ/
2009628;EQUIPO TOTAL;2,00;19/12/2020;/9-OIL=9-FQ/9-DIE//9-HUM//9-OIL.CORR/ /2;/9-OIL=9-FQ/9-DIE//9-HUM//9-OIL.CORR/ /2-INSP=9-ENF/2-PRO-M/ 8-GAB/8-BUJ/
2008167;EQUIPO TOTAL;3,00;19/12/2020;/9-OIL.CORR/ /3-INSP=9-ENF/ 3-CUB/8-GAB/;/9-OIL.CORR/ /3-INSP=9-ENF/ 3-CUB/8-GAB/8-BUJ/
2010162;EQUIPO TOTAL;5,00;19/12/2020;/9-OIL.CORR/ /8-INSP=9-ENF/8-PRO-M/9-CUB;/9-OIL.CORR/ /8-INSP=9-ENF/8-PRO-M/9-CUB/8-GAB/8-BUJ/
2011265;EQUIPO TOTAL;5,00;19/12/2020;/9-HUM//9-OIL.CORR/ /8-INSP=9-ENF/8-PRO-;/9-HUM//9-OIL.CORR/ /8-INSP=9-ENF/8-PRO-M/9-CUB/8-GAB/8-BUJ/
2011274;EQUIPO TOTAL;5,00;19/12/2020;/9-HUM//9-OIL.CORR/ /8-INSP=9-ENF/8-PRO-;/9-HUM//9-OIL.CORR/ /8-INSP=9-ENF/8-PRO-M/9-CUB/8-GAB/8-BUJ/
2011276;EQUIPO TOTAL;5,00;19/12/2020;/9-HUM//9-OIL.CORR/ /8-INSP=9-ENF/8-PRO-;/9-HUM//9-OIL.CORR/ /8-INSP=9-ENF/8-PRO-M/9-CUB/8-GAB/8-BUJ/
2012397;EQUIPO TOTAL;5,00;19/12/2020;/9-OIL.CORR/ /5-INSP= 9-CUB/8-GAB/8-BUJ/;
2008165;EQUIPO TOTAL;3,00;19/12/2020;/9-OIL.CORR/ /3-INSP=9-ENF/ 3-CUB/8-GAB/;/9-OIL.CORR/ /3-INSP=9-ENF/ 3-CUB/8-GAB/8-BUJ/
2008166;EQUIPO TOTAL;3,00;19/12/2020;/9-OIL.CORR/ /3-INSP=9-ENF/ 3-CUB/8-GAB/;/9-OIL.CORR/ /3-INSP=9-ENF/ 3-CUB/8-GAB/8-BUJ/
2008169;EQUIPO TOTAL;3,00;19/12/2020;/9-OIL.CORR/ /3-INSP=9-ENF/ 3-CUB/8-GAB/;/9-OIL.CORR/ /3-INSP=9-ENF/ 3-CUB/8-GAB/8-BUJ/
2008170;EQUIPO TOTAL;3,00;19/12/2020;/9-OIL.CORR/ /3-INSP=9-ENF/ 3-CUB/8-GAB/;/9-OIL.CORR/ /3-INSP=9-ENF/ 3-CUB/8-GAB/8-BUJ/
2010160;EQUIPO TOTAL;5,00;19/12/2020;/9-OIL.CORR/ /8-INSP=9-ENF/8-PRO-M/9-CUB;/9-OIL.CORR/ /8-INSP=9-ENF/8-PRO-M/9-CUB/8-GAB/8-BUJ/
2010161;EQUIPO TOTAL;5,00;19/12/2020;/9-OIL.CORR/ /8-INSP=9-ENF/8-PRO-M/9-CUB;/9-OIL.CORR/ /8-INSP=9-ENF/8-PRO-M/9-CUB/8-GAB/8-BUJ/
2010163;EQUIPO TOTAL;5,00;19/12/2020;/9-OIL.CORR/ /8-INSP=9-ENF/8-PRO-M/9-CUB;/9-OIL.CORR/ /8-INSP=9-ENF/8-PRO-M/9-CUB/8-GAB/8-BUJ/
2010164;EQUIPO TOTAL;5,00;19/12/2020;/9-OIL.CORR/ /8-INSP=9-ENF/8-PRO-M/9-CUB;/9-OIL.CORR/ /8-INSP=9-ENF/8-PRO-M/9-CUB/8-GAB/8-BUJ/
2010165;EQUIPO TOTAL;5,00;19/12/2020;/9-OIL.CORR/ /8-INSP=9-ENF/8-PRO-M/9-CUB;/9-OIL.CORR/ /8-INSP=9-ENF/8-PRO-M/9-CUB/8-GAB/8-BUJ/
2011264;EQUIPO TOTAL;5,00;19/12/2020;/9-HUM//9-OIL.CORR/ /8-INSP=9-ENF/8-PRO-;/9-HUM//9-OIL.CORR/ /8-INSP=9-ENF/8-PRO-M/9-CUB/8-GAB/8-BUJ/
2011272;EQUIPO TOTAL;5,00;19/12/2020;/9-HUM//9-OIL.CORR/ /8-INSP=9-ENF/8-PRO-;/9-HUM//9-OIL.CORR/ /8-INSP=9-ENF/8-PRO-M/9-CUB/8-GAB/8-BUJ/
2011273;EQUIPO TOTAL;5,00;19/12/2020;/9-HUM//9-OIL.CORR/ /8-INSP=9-ENF/8-PRO-;/9-HUM//9-OIL.CORR/ /8-INSP=9-ENF/8-PRO-M/9-CUB/8-GAB/8-BUJ/
2008164;EQUIPO TOTAL;3,00;19/12/2020;/9-OIL.CORR/ /3-INSP=9-ENF/ 3-CUB/8-GAB/;/9-OIL.CORR/ /3-INSP=9-ENF/ 3-CUB/8-GAB/8-BUJ/
2008168;EQUIPO TOTAL;3,00;19/12/2020;/9-OIL.CORR/ /3-INSP=9-ENF/ 3-CUB/8-GAB/;/9-OIL.CORR/ /3-INSP=9-ENF/ 3-CUB/8-GAB/8-BUJ/
2010159;EQUIPO TOTAL;5,00;19/12/2020;/9-OIL.CORR/ /8-INSP=9-ENF/8-PRO-M/9-CUB;/9-OIL.CORR/ /8-INSP=9-ENF/8-PRO-M/9-CUB/8-GAB/8-BUJ/
2012400;EQUIPO TOTAL;5,00;19/12/2020;/9-OIL.CORR/ /5-INSP= 9-CUB/8-GAB/8-BUJ/;
2012403;EQUIPO TOTAL;3,00;19/12/2020;3-DGA= T-PAP(C)/ /9-OIL.CORR/ /5-INSP= 9;3-DGA= T-PAP(C)/ /9-OIL.CORR/ /5-INSP= 9-CUB/8-GAB/8-BUJ/
2009626;EQUIPO TOTAL;2,00;19/12/2020;/9-OIL.CORR/ /2-INSP=9-ENF/2-PRO-M/ 8-GA;/9-OIL.CORR/ /2-INSP=9-ENF/2-PRO-M/ 8-GAB/8-BUJ/
140718;EQUIPO TOTAL;5,00;17/12/2020;/5-INSP=9-ENF/9-PRO-M/ 9-CUB/8-BUJ/9-P.C;/5-INSP=9-ENF/9-PRO-M/ 9-CUB/8-BUJ/9-P.CUB/
2006709;EQUIPO TOTAL;5,00;17/12/2020;8-DGA=8-T.ACE/8-T.PAP/8-PD/8-ARC//8-OIL=;8-DGA=8-T.ACE/8-T.PAP/8-PD/8-ARC//8-OIL=8-FQ/8-DIE//8-HUM//8-HUM_PAP//8-OIL.TAP/ /5-INSP=8-ENF/8-PRO-M/ 8-CUB/8-BUJ/8-P.CUB/
2013191;EQUIPO TOTAL;5,00;17/12/2020;/9-OIL=9-FQ/9-DIEL//9-HUM/ /5-INSP= 8-BU;/9-OIL=9-FQ/9-DIEL//9-HUM/ /5-INSP= 8-BUJ/
2013696;EQUIPO TOTAL;5,00;17/12/2020;/9-OIL=9-FQ/9-DIEL//9-HUM//9-HUM_PAP//8-;/9-OIL=9-FQ/9-DIEL//9-HUM//9-HUM_PAP//8-OIL.TAP/ /5-INSP= 8-P.CUB/
140680;EQUIPO TOTAL;3,00;17/12/2020;3-INSPECCIONES OPERATIVAS: /3-INSP= 3-PR;3-INSPECCIONES OPERATIVAS: /3-INSP= 3-PRO-M/ 8-BUJ/
2013188;EQUIPO TOTAL;5,00;17/12/2020;/9-OIL=9-FQ/9-DIEL//9-HUM/ /5-INSP= 8-BU;/9-OIL=9-FQ/9-DIEL//9-HUM/ /5-INSP= 8-BUJ/
2013189;EQUIPO TOTAL;5,00;17/12/2020;/9-OIL=9-FQ/9-DIEL//9-HUM/ /5-INSP= 8-BU;/9-OIL=9-FQ/9-DIEL//9-HUM/ /5-INSP= 8-BUJ/
2013190;EQUIPO TOTAL;5,00;17/12/2020;/9-OIL=9-FQ/9-DIEL//9-HUM/ /5-INSP= 8-BU;/9-OIL=9-FQ/9-DIEL//9-HUM/ /5-INSP= 8-BUJ/
100021;REACTOR TOTAL;5,00;17/12/2020;/5-INSP=9-ENF/ 9-GAB/8-BUJ/;
200326;INDUCTANCIA TOTAL;5,00;29/11/2020;7-DGA=7-T.ACE/7-T.PAP/7-PD/7-ARC//8-OIL=;7-DGA=7-T.ACE/7-T.PAP/7-PD/7-ARC//8-OIL= 8-DIE/ /8-HUM_PAP//8-OIL.TAP/ /5-INSP=8-ENF/8-PRO-M/ 8-CUB/8-BUJ/
810449;EQUIPO TOTAL;2,00;30/10/2020;2-INSPECCIONES OPERATIVAS: SISTEMA DE EN;2-INSPECCIONES OPERATIVAS: SISTEMA DE ENFRIAMIENTO. CONDICIÓN CUBA. /2-INSP=9-ENF/2-PRO-M/ 2-CUB/ 3-P.CUB/
111078;REACTOR TOTAL;5,00;30/10/2020;/9-OIL.CORR/ /8-INSP=8-ENF/8-PRO-M/8-CUB;/9-OIL.CORR/ /8-INSP=8-ENF/8-PRO-M/8-CUB/8-GAB/8-BUJ/
117275;REACTOR TOTAL;5,00;30/10/2020;/9-OIL.CORR/ /8-INSP=8-ENF/8-PRO-M/8-CUB;/9-OIL.CORR/ /8-INSP=8-ENF/8-PRO-M/8-CUB/8-GAB/8-BUJ/
118131;REACTOR TOTAL;5,00;30/10/2020;/9-OIL.CORR/ /8-INSP=8-ENF/8-PRO-M/8-CUB;/9-OIL.CORR/ /8-INSP=8-ENF/8-PRO-M/8-CUB/8-GAB/8-BUJ/
117272;REACTOR TOTAL;2,00;30/10/2020;/2-INSP=9-ENF/2-PRO-M/3-CUB/9-GAB/8-BUJ/;
117273;REACTOR TOTAL;2,00;30/10/2020;/2-INSP=9-ENF/2-PRO-M/ 9-GAB/8-BUJ/;
810054;TRANSFORMADOR TOTAL;5,00;20/10/2020;/8-OIL= 8-DIE/ /8-HUM_PAP//9-OIL.TAP/ /5;/8-OIL= 8-DIE/ /8-HUM_PAP//9-OIL.TAP/ /5-INSP= 8-CUB/ 8-P.CUB/
132665;REACTOR TOTAL;5,00;20/10/2020;/5-INSP=9-ENF/ 9-GAB/8-BUJ/;
132666;REACTOR TOTAL;5,00;20/10/2020;/5-INSP= 9-GAB/8-BUJ/;
133031;REACTOR TOTAL;5,00;20/10/2020;/5-INSP= 9-GAB/8-BUJ/;
2005310;EQUIPO TOTAL;2,00;20/10/2020;/2-HUM=DELTA//9-OIL.CORR/ /5-INSP= 9-GAB;/2-HUM=DELTA//9-OIL.CORR/ /5-INSP= 9-GAB/8-BUJ/
131585;REACTOR TOTAL;5,00;20/10/2020;/6-HUM /5-INSP=9-ENF/ 9-GAB/8-BUJ/;
103448;REACTOR TOTAL;3,00;20/10/2020;/3-INSP= 3-CUB/9-GAB/8-BUJ/;
203670;REACTOR TOTAL;5,00;20/10/2020;/5-INSP= 9-GAB/8-BUJ/;
2000257;REACTOR TOTAL;5,00;20/10/2020;/9-OIL.CORR/ /5-INSP= 9-GAB/8-BUJ/;
123162;REACTOR TOTAL;5,00;25/06/2020;/5-INSP=9-ENF/ 9-GAB/8-BUJ/;
123163;REACTOR TOTAL;5,00;25/06/2020;/5-INSP=9-ENF/ 9-GAB/8-BUJ/;
123164;REACTOR TOTAL;5,00;25/06/2020;/5-INSP=9-ENF/ 9-GAB/8-BUJ/;
132667;REACTOR TOTAL;5,00;25/06/2020;/8-INSP=8-ENF/8-PRO-M/8-CUB/8-GAB/8-BUJ/;
2013776;EQUIPO TOTAL;99,00;06/03/2020;;
2011599;REACTOR NUCLEO AIRE;9,00;18/12/2019;- D:0%;
2011599;EQUIPO TOTAL;9,00;10/10/2019;9-DGA=9-T.ACE/9-T.PAP/9-PD/9-ARC//8-OIL=;9-DGA=9-T.ACE/9-T.PAP/9-PD/9-ARC//8-OIL=9-FQ/8-DIE//9-HUM//9-OIL.CORR/ /8-INSP=8-ENF/8-PRO-M/8-CUB/8-GAB/8-BUJ/
2011599;REACTOR TOTAL;8,00;18/09/2019;;
140806;REACTOR NUCLEO AIRE;9,00;17/09/2019;- D:0%;
2004372;EQUIPO TOTAL;5,00;14/06/2019;7-DGA=7-T.ACE/7-T.PAP/7-PD/7-ARC/ /8-OIL;7-DGA=7-T.ACE/7-T.PAP/7-PD/7-ARC/ /8-OIL.TAP/ /5-INSP= 8-P.CUB/
2004516;EQUIPO TOTAL;5,00;27/03/2018;7-DGA=7-T.ACE/7-T.PAP/7-PD/7-ARC//8-OIL=;7-DGA=7-T.ACE/7-T.PAP/7-PD/7-ARC//8-OIL=9-FQ/8-DIE//9-HUM/ /8-OIL.TAP/ /5-INSP=9-ENF/9-PRO-M/ 8-CUB/9-BUJ/8-P.CUB/
2004516;AUTOTRAFO TOTAL;5,00;21/07/2017;7-DGA=7-T.ACE/7-T.PAP/7-PD/7-ARC//9-OIL=;7-DGA=7-T.ACE/7-T.PAP/7-PD/7-ARC//9-OIL=9-FQ/9-DIEL//9-HUM/ /8-OIL.TAP/ /5-INSP=9-ENF/9-PRO-M/ 8-CUB/9-BUJ/8-P.CUB/
200647;AUTOTRAFO TOTAL;2,00;13/11/2014;/6-HUM/6-HUM_PAP/ /2-INSP= 2-M.OLTC/;
