;Equipo;Descripción;DGA;DGA-T.ACE;DGA-T.PAP;DGA-DP;DGA-ARC;OIL.TAP;ADIT.OIL;ADIT.OIL-DBPC;ADIT.OIL-BTZ;OIL.CORR;OIL;OIL-DIE;OIL-FQ;BUJ;INSP;INSP-ENF;INSP-PRO.M;INSP-M.OLTC;INSP-CUB;INSP-GAB;INSP-BUJ.TER;HUM.PAP;HUM.PAP-DELTA;HUM.PAP-T.M;HUM.PAP-T.TRF;HUM.PAP-FECHA;HUM.PAP-DIAG;HUM.PAP-WHRT;HUM;HUM-DELTA;HUM-T.M;HUM-T.TRF;HUM-FECHA;HUM-DIAG;FUR;FUR-2FAL;FUR-TOT;FUR-RAT;FUR-REL;FUR-MAX;PF.DEV;PF.DEV-GND;PF.DEV-BARR;PF.DEV-PRESB;SFRA;SFRA-RAD;SFRA-AXI;SFRA-BULK;SFRA-CORE;SFRA-IMP;SFRA-CONT;SFRA-SELF;SFRA-IMG;SFRA-NO.DIAG
0;810451;revisar/cambiar motoventilador;2;;2;;;;;;;;;;;;;;;;;;;;;;;;;;;;;;;;;;;;;;;;;;;;;;;;;;;
1;810451;otro;2;;2;;;;;;;;;;;;;;;;;;;;;;;;;;;;;;;;;;;;;;;;;;;;;;;;;;;
2;810451;revisar/cambiar motoventilador;2;;2;;;;;;;;;;;;;;;;;;;;;;;;;;;;;;;;;;;;;;;;;;;;;;;;;;;
3;202718;otro;2;;2;;;;;;;;;;;;;;;;;;;;;;;;;;;;;;;;;;;;;;;;;;;;;;;;;;;
4;202719;otro;2;;2;;;;;;;;;;;;;;;;;;;2;2;;;;;2;1;2;;;;;;;;;;;;;;;;;;;;;;;;
5;111690;otro;2;;2;;;;;;;;;;;8;5;;;;;;;;;;;;;;;;;;;;;;;;;;;;;;;;;;;;;;;
6;808069;revisar/cambiar motoventilador;2;;2;;;9;;;;;9;;;2;;;;;;;;;;;;;;;;;;;;;;;;;;;;;;;;;;;;;;;;
7;111689;otro;;;;;;;;;;;;;;8;2;2;2;;;;;;;;;;;;;;;;;;;;;;;;;;;;;;;;;;;;;
8;111690;otro;2;;2;;;;;;;2;2;;;8;5;;;;;;;;;;;;;;;;;;;;;;;;;;;;;;;;;;;;;;;
9;809578;revisar/cambiar motoventilador;3;;3;;3;9;;;;;2;2;;1;;;;;;;;;;;;;;;;;;;;;;;;;;;;;;;;;;;;;;;;
10;202718;otro;2;;2;;;;;;;;;;;;;;;;;;;;;;;;;;;;;;;;;;;;;;;;;;;;;;;;;;;
11;111691;otro;;;;;;;;;;;;;;8;2;2;2;;3;;;;;;;;;;;;;;;;;;;;;;;;;;;;;;;;;;;
12;809578;revisar/cambiar motoventilador;;;;;;9;;;;;2;2;;;5;;;;8;;;;;;;;;;;;;;;;;;;;;;;;;;;;;;;;;;;
13;201438;otro;2;;2;;;;;;;;;;;;5;;;;9;;;;;;;;;;;;;;;;;;;;;;;;;;;;;;;;;;;
14;202719;otro;2;;2;;;;;;;;;;;;3;;;;9;;;;;;;;;;;;;;;;;;;;;;;;;;;;;;;;;;;
15;203342;otro;2;2;2;;;;;;;;;;;8;3;;;;3;;;;;;;;;;;;;;;;;;;;;;;;;;;;;;;;;;;
16;808069;realizar muestreo-analisis fsco-qco oltc;2;;2;;;;;;;;;;;;5;;;;8;;;6;;;;;;;6;;;;;;;;;;;;;;;;;;;;;;;;;
17;118423;revisar/cambiar motoventilador;;;;;;;;;;;;;;8;2;2;2;;;9;;;;;;;;;;;;;;;;;;;;;;;;;;;;;;;;;;
18;111689;otro;;;;;;;;;;;;;;8;2;2;2;;;;;;;;;;;;;;;;;;;;;;;;;;;;;;;;;;;;;
19;809578;otro;;;;;;9;;;;;2;2;;1;3;;;;3;;;;;;;;;;;;;;;;;;;;;;;;;;;;;;;;;;;
20;116137;otro;3;;3;;;;;;;;;;;2;3;;;;9;;;;;;;;;;;;;;;;;;;;;;;;;;;;;;;;;;;
21;116144;revisar/cambiar motoventilador;3;;3;;;1;;;;;1;;;;5;9;;;8;;;;;;;;;;;;;;;;;;;;;;;;;;;;;;;;;;;
22;2000407;revisar/cambiar motoventilador;2;;2;;;8;;;;;8;;;;5;9;;;8;;;;;;;;;;;;;;;;;;;;;;;;;;;;;;;;;;;
23;111691;revisar/cambiar motoventilador;;;;;;;;;;;;;;8;5;;;;;9;;;;;;;;;1;1;;;;;;;;;;;;;;;;;;;;;;;;
24;116137;revisar/cambiar motoventilador;3;;3;;;;;;;;;;;2;3;;;3;9;;;;;;;;;;;;;;;;;;;;;;;;;;;;;;;;;;;
25;111690;revisar/cambiar motoventilador;2;;2;;;;;;;;;;;8;5;;;;;9;;;;;;;;;;;;;;;;;;;;;;;;;;;;;;;;;;
26;119234;revisar/cambiar motoventilador;;;;;;9;;;;;9;;;;2;2;;;;;;;;;;;;;;;;;;;;;;;;;;;;;;;;;;;;;;
27;116144;revisar/cambiar motoventilador;3;;3;;;1;;;;;1;;;;5;9;;;8;;;;;;;;;;;;;;;;;;;;;;;;;;;;;;;;;;;
28;111690;revisar/cambiar motoventilador;2;;2;;;;;;;2;2;;;8;5;;;;;9;;;;;;;;;;;;;;;;;;;;;;;;;;;;;;;;;;
29;111690;revisar/cambiar motoventilador;2;;2;;;;;;;2;2;;;8;2;2;;;;9;;;;;;;;;;;;;;;;;;;;;;;;;;;;;;;;;;
30;2000407;revisar/cambiar motoventilador;2;;2;;;8;;;;;8;;;;5;9;;;8;;;;;;;;;;;;;;;;;;;;;;;;;;;;;;;;;;;
31;809578;revisar/cambiar motoventilador;;;;;;9;;;;;2;2;;;3;3;;;;;;;;;;;;;;;;;;;;;;;;;;;;;;;;;;;;;;
32;111689;revisar/cambiar motoventilador;;;;;;;;;;;;;;8;2;2;2;;;9;;;;;;;;;;;;;;;;;;;;;;;;;;;;;;;;;;
33;111691;revisar/cambiar motoventilador;2;;2;;;;;;;;;;;8;5;;;;;9;;;;;;;;;;;;;;;;;;;;;;;;;;;;;;;;;;
34;201438;otro;;;;;;;;;;;;;;;2;;2;;;;;;;;;;;;;;;;;;;;;;;;;;;;;;;;;;;;;
35;201438;otro;2;;;;2;;;;;;;;;;2;;2;;;;;;;;;;;;;;;;;;;;;;;;;;;;;;;;;;;;;
36;2000407;revisar/cambiar motoventilador;2;;2;;;8;;;;;8;;;;5;9;;;8;;;;;;;;;;;;;;;;;;;;;;;;;;;;;;;;;;;
37;119234;otro;3;;3;;;9;;;;;9;;;;2;2;9;;9;;;;;;;;;;;;;;;;;;;;;;;;;;;;;;;;;;;
38;119234;revisar/cambiar motoventilador;3;;3;;;9;;;;;9;;;;2;2;9;;9;;;;;;;;;;;;;;;;;;;;;;;;;;;;;;;;;;;
39;118423;revisar/cambiar motoventilador;2;;2;;;;;;;;;;;8;5;;;;;9;;;;;;;;;;;;;;;;;;;;;;;;;;;;;;;;;;
40;2000407;otro;2;;2;;;8;;;;;8;;;;5;9;;;8;;;;;;;;;;;;;;;;;;;;;;;;;;;;;;;;;;;
41;810449;revisar/cambiar motoventilador;;;;;;;;;;;;;;2;3;;;;9;;;;;;;;;;;;;;;;;;;;;;;;;;;;;;;;;;;
42;119234;revisar/cambiar motoventilador;;;;;;9;;;;;9;;;;2;2;9;;;;;;;;;;;;;;;;;;;;;;;;;;;;;;;;;;;;;
43;2000407;otro;2;;2;;;8;;;;;8;;;;5;9;;;8;;;;;;;;;;;;;;;;;;;;;;;;;;;;;;;;;;;
44;118423;revisar/cambiar motoventilador;2;;2;;;;;;;;;;;8;5;;;;;9;;;;;;;;;;;;;;;;;;;;;;;;;;;;;;;;;;
45;201120;revisar/cambiar motoventilador;;;;;;2;;;;;2;;;;;;;;;;;;;;;;;;;;;;;;;;;;;;;;;;;;;;;;;;;
46;116137;revisar/cambiar motoventilador;3;;3;;;;;;;;;;;2;3;;;3;9;;;;;;;;;;;;;;;;;;;;;;;;;;;;;;;;;;;
47;810449;realizar muestreo-analisis fsco-qco oltc;;;;;;;;;;;;;;2;3;;;;9;;;;;;;;;;;;;;;;;;;;;;;;;;;;;;;;;;;
48;202719;otro;2;;2;;;;;;;;;;;;3;;;;9;;;;;;;;;;;;;;;;;;;;;;;;;;;;;;;;;;;
49;201438;revisar/cambiar motoventilador;;;;;;;;;;;;;;;2;;2;;;;;6;;;;;;;6;;;;;;;;;;;;;;;;;;;;;;;;;
50;808069;revisar/cambiar motoventilador;3;;3;;;;;;;;;;;2;2;;2;;3;;;6;;;;;;;6;;;;;;;;;;;;;;;;;;;;;;;;;
51;2000407;revisar/cambiar motoventilador;2;;2;;;8;;;;;8;;;;5;9;;;8;;;;;;;;;;;;;;;;;;;;;;;;;;;;;;;;;;;
52;116144;otro;;;;;;1;;;;;1;;;;3;3;;3;8;;;;;;;;;;;;;;;;;;;;;;;;;;;;;;;;;;;
53;118423;otro;;;;;;;;;;;;;;8;2;;2;;;9;;;;;;;;;;;;;;;;;;;;;;;;;;;;;;;;;;
54;202719;otro;2;;2;;;;;;;;;;;;3;;;;9;;;;;;;;;;;;;;;;;;;;;;;;;;;;;;;;;;;
55;111691;revisar/cambiar motoventilador;2;;2;;;;;;;;;;;8;5;;;;;9;;;;;;;;;;;;;;;;;;;;;;;;;;;;;;;;;;
56;809578;realizar muestreo-analisis fsco-qco oltc;;;;;;9;;;;;2;2;;;3;3;;;;;;;;;;;;;;;;;;;;;;;;;;;;;;;;;;;;;;
57;809578;otro;;;;;;9;;;;;2;2;;;3;3;;;;;;;;;;;;;;;;;;;;;;;;;;;;;;;;;;;;;;
58;809578;otro;;;;;;9;;;;;2;2;;;5;;;;8;8;;;;;;;;;;;;;;;;;;;;;;;;;;;;;;;;;;
59;809578;otro;;;;;;9;;;;;2;2;;1;3;;;;3;;;;;;;;;;;;;;;;;;;;;;;;;;;;;;;;;;;
60;810057;otro;2;2;;;;9;;;;;9;;;;;;;;;;;;;;;;;;;;;;;;;;;;;;;;;;;;;;;;;;;
61;810057;otro;2;2;;;;9;;;;;9;;;;;;;;;;;;;;;;;;;;;;;;;;;;;;;;;;;;;;;;;;;
62;810057;otro;2;2;;;;9;;;;;9;;;;;;;;;;;;;;;;;;;;;;;;;;;;;;;;;;;;;;;;;;;
63;810057;otro;2;2;;;;9;;;;;9;;;;;;;;;;;;;;;;;;;;;;;;;;;;;;;;;;;;;;;;;;;
64;300390;otro;2;;2;;;;;;;;;;;8;3;3;;;8;9;;;;;;;;;;;;;;;;;;;;;;;;;;;;;;;;;;
65;810057;hacer seguimiento generacion anormal de gases;2;2;;;2;9;;;;;9;;;;;;;;;;;;;;;;;;;;;;;;;;;;;;;;;;;;;;;;;;;
66;810057;otro;2;2;;;;9;;;;;9;;;;;;;;;;;;;;;;;;;;;;;;;;;;;;;;;;;;;;;;;;;
67;810057;otro;1;1;;1;;9;;;;;9;;;;;;;;;;;;;;;;;;;;;;;;;;;;;;;;;;;;;;;;;;;
68;810057;hacer seguimiento generacion anormal de gases;2;;;;2;9;;;;;9;;;;;;;;;;;;;;;;;;;;;;;;;;;;;;;;;;;;;;;;;;;
69;809872;otro;3;;;;3;9;;;;;9;;;1;5;;;;8;;;3;;;;;;;3;;;;;;;;;;;;;;;;;;;;;;;;;
70;810057;hacer seguimiento generacion anormal de gases;2;;2;;2;9;;;;;9;;;;3;3;;;;;;;;;;;;;;;;;;;;;;;;;;;;;;;;;;;;;;
71;810057;hacer seguimiento generacion anormal de gases;2;;2;;2;9;;;;;9;;;;3;3;;;;;;;;;;;;;;;;;;;;;;;;;;;;;;;;;;;;;;
72;810057;hacer seguimiento generacion anormal de gases;2;;2;;2;9;;;;;9;;;;3;3;;;;;;;;;;;;;;;;;;;;;;;;;;;;;;;;;;;;;;
73;810057;hacer seguimiento generacion anormal de gases;1;1;;1;;9;;;;;9;;;;3;3;;;;;;;;;;;;;;;;;;;;;;;;;;;;;;;;;;;;;;
74;810057;hacer seguimiento generacion anormal de gases;1;1;;1;;9;;;;;9;;;;3;3;;;;;;;;;;;;;;;;;;;;;;;;;;;;;;;;;;;;;;
75;810057;hacer seguimiento generacion anormal de gases;1;1;;1;;9;;;;;9;;;;3;3;;;;;;;;;;;;;;;;;;;;;;;;;;;;;;;;;;;;;;
76;810057;hacer seguimiento generacion anormal de gases;1;1;;1;;9;;;;;9;;;;3;3;;;;;;;;;;;;;;;;;;;;;;;;;;;;;;;;;;;;;;
77;810057;otro;1;1;;1;;9;;;;;9;;;;3;3;;;;;;;;;;;;;;;;;;;;;;;;;;;;;;;;;;;;;;
78;810057;hacer seguimiento generacion anormal de gases;1;1;;1;;9;;;;;9;;;;3;3;;;;;;;;;;;;;;;;;;;;;;;;;;;;;;;;;;;;;;
79;810057;hacer seguimiento generacion anormal de gases;1;1;;1;;9;;;;;9;;;;3;3;;;;;;;;;;;;;;;;;;;;;;;;;;;;;;;;;;;;;;
80;810057;hacer seguimiento generacion anormal de gases;1;1;;1;;9;;;;;9;;;;3;3;;;;;;;;;;;;;;;;;;;;;;;;;;;;;;;;;;;;;;
81;810057;hacer seguimiento generacion anormal de gases;1;1;;1;;9;;;;;9;;;;3;3;;;;;;;;;;;;;;;;;;;;;;;;;;;;;;;;;;;;;;
82;810057;hacer seguimiento generacion anormal de gases;1;1;;1;;9;;;;;9;;;;3;3;;;;;;;;;;;;;;;;;;;;;;;;;;;;;;;;;;;;;;
83;809872;hacer seguimiento generacion anormal de gases;;;;;;9;;;;;9;;;1;5;;;;8;;;;;;;;;;;;;;;;;;;;;;;;;;;;;;;;;;;
84;809578;otro;;;;;;9;;;;;2;2;;;3;3;;;;;;;;;;;;;;;;;;;;;;;;;;;;;;;;;;;;;;
85;2005222;hacer seguimiento generacion anormal de gases;2;2;;;;;;;;9;9;9;9;8;3;;;;3;;;;;;;;;;9;;;;;;;;;;;;;;;;;;;;;;;;;
86;2005222;otro;2;2;;;;;;;;9;9;;;8;3;;;;3;9;;;;;;;;;;;;;;;;;;;;;;;;;;;;;;;;;;
87;2005222;hacer seguimiento generacion anormal de gases;2;2;;;;;;;;9;9;;;8;3;;;;3;9;;;;;;;;;;;;;;;;;;;;;;;;;;;;;;;;;;
88;300390;otro;2;;2;;;;;;;;;;;8;3;3;;;8;9;;;;;;;;;;;;;;;;;;;;;;;;;;;;;;;;;;
89;300390;realizar muestreo-analisis fsco-qco oltc;2;;2;;;;;;;;;;;8;3;3;;;8;9;;;;;;;;;;;;;;;;;;;;;;;;;;;;;;;;;;
90;2003341;hacer seguimiento generacion anormal de gases;2;;;2;;8;;;;;8;;;;3;9;;;3;;;;;;;;;;;;;;;;;;;;;;;;;;;;;;;;;;;
91;2005222;otro;2;2;;;;;;;;9;9;;;8;3;;;;3;9;;;;;;;;;;;;;;;;;;;;;;;;;;;;;;;;;;
92;202717;realizar muestreo-analisis fsco-qco oltc;;;;;;1;;;;;1;;;;;;;;;;;;;;;;;;;;;;;;;;;;;;;;;;;;;;;;;;;
93;810550;realizar muestreo-analisis fsco-qco oltc;;;;;;8;;;;;2;2;;9;5;9;9;;9;9;;3;;;;;;;1;;;;;1;;;;;;;;;;;;;;;;;;;;
94;810551;realizar muestreo-analisis fsco-qco oltc;;;;;;8;;;;;8;;;;2;2;;;;;;;;;;;;;;;;;;;;;;;;;;;;;;;;;;;;;;
95;123158;realizar muestreo-analisis fsco-qco oltc;;;;;;2;;;;;2;;;;;;;;;;;6;;;;;2;;6;;;;;2;;;;;;;;;;;;;;;;;;;;
96;123159;realizar muestreo-analisis fsco-qco oltc;;;;;;2;;;;;2;;;;;;;;;;;;;;;;;;;;;;;;;;;;;;;;;;;;;;;;;;;
97;123160;realizar muestreo-analisis fsco-qco oltc;;;;;;1;;;;;1;;;;;;;;;;;;;;;;;;;;;;;;;;;;;;;;;;;;;;;;;;;
98;202718;realizar muestreo-analisis fsco-qco oltc;2;;2;;;1;;;;;1;;;;;;;;;;;;;;;;;;;;;;;;;;;;;;;;;;;;;;;;;;;
99;123158;realizar muestreo-analisis fsco-qco oltc;;;;;;1;;;;;1;;;;;;;;;;;;;;;;;;;;;;;;;;;;;;;;;;;;;;;;;;;
100;123160;realizar muestreo-analisis fsco-qco oltc;;;;;;1;;;;;1;;;;;;;;;;;;;;;;;;;;;;;;;;;;;;;;;;;;;;;;;;;
101;123158;realizar muestreo-analisis fsco-qco oltc;;;;;;1;;;;;1;;;;;;;;;;;;;;;;;;;;;;;;;;;;;;;;;;;;;;;;;;;
102;123160;realizar muestreo-analisis fsco-qco oltc;;;;;;1;;;;;1;;;;;;;;;;;;;;;;;;;;;;;;;;;;;;;;;;;;;;;;;;;
103;202455;realizar muestreo-analisis fsco-qco oltc;;;;;;9;;;;;9;;;1;;;;;;;;;;;;;;;;;;;;;;;;;;;;;;;;;;;;;;;;
104;202717;cambiar silica oltc;;;;;;1;;;;;1;;;;;;;;;;;;;;;;;;;;;;;;;;;;;;;;;;;;;;;;;;;
105;202718;cambiar silica oltc;2;;2;;;;;;;;;;;;;;;;;;;;;;;;;;;;;;;;;;;;;;;;;;;;;;;;;;;
106;123159;realizar muestreo-analisis fsco-qco oltc;;;;;;1;;;;;1;;;;3;;;;3;;;;;;;;;;;;;;;;;;;;;;;;;;;;;;;;;;;
107;809578;otro;3;;3;;3;9;;;;;2;2;;1;;;;;;;;;;;;;;;;;;;;;;;;;;;;;;;;;;;;;;;;
108;807717;cambiar silica oltc;;;;;;9;;;;;9;;;;2;;;;2;;;9;;;;;;;9;;;;;;;;;;;;;;;;;;;;;;;;;
109;810050;cambiar silica oltc;;;;;;9;;;;;9;;;2;;;;;;;;3;;;;;;;3;;;;;3;;;;;;;;;;;;;;;;;;;;
110;202718;otro;2;;2;;;;;;;;;;;;;;;;;;;;;;;;;;;;;;;;;;;;;;;;;;;;;;;;;;;
111;202718;realizar muestreo-analisis fsco-qco oltc;3;;3;;;1;;;;;1;;;;5;;;;9;;;;;;;;;;;;;;;;;;;;;;;;;;;;;;;;;;;
112;202455;otro;;;;;;9;;;;;9;;;1;;;;;;;;;;;;;;;;;;;;;;;;;;;;;;;;;;;;;;;;
113;808998;realizar muestreo-analisis fsco-qco oltc;;;;;;9;;;;;9;;;2;;;;;;;;;;;;;;;;;;;;;;;;;;;;;;;;;;;;;;;;
114;120113;realizar secado oltc;;;;;;2;;;;;2;;;;3;;;;9;;;;;;;;;;;;;;;;;;;;;;;;;;;;;;;;;;;
115;202718;realizar secado oltc;3;;3;;;1;;;;;1;;;;5;;;;9;;;;;;;;;;;;;;;;;;;;;;;;;;;;;;;;;;;
116;118095;cambiar silica oltc;;;;;;;;;;;;;;;2;;;2;;;;;;;;;;;;;;;;;;;;;;;;;;;;;;;;;;;;
117;809578;cambiar silica oltc;;;;;;9;;;;;2;2;;;5;;;;8;;;;;;;;;;;;;;;;;;;;;;;;;;;;;;;;;;;
118;202718;realizar muestreo-analisis fsco-qco oltc;3;;3;;;1;;;;;1;;;;5;;;;9;;;;;;;;;;;;;;;;;;;;;;;;;;;;;;;;;;;
119;2005670;realizar muestreo-analisis fsco-qco oltc;7;7;7;;7;2;;;;;2;;2;;5;;;;9;;;;;;;;;;;;;;;;;;;;;;;;;;;;;;;;;;;
120;400039;realizar muestreo-analisis fsco-qco oltc;;;;;;1;;;;;1;;;;3;;;;9;;;;;;;;;;;;;;;;;;;;;;;;;;;;;;;;;;;
121;400039;realizar muestreo-analisis fsco-qco oltc;;;;;;1;;;;;1;;;;5;;;;9;;;;;;;;;;;;;;;;;;;;;;;;;;;;;;;;;;;
122;810049;cambiar silica oltc;;;;;;9;;;;;9;;;1;;;;;;;;6;;;;;;;6;;;;;;;;;;;;;;;;;;;;;;;;;
123;810050;cambiar silica oltc;;;;;;9;;;;;9;;;2;2;;;2;;;;;;;;;;;;;;;;;;;;;;;;;;;;;;;;;;;;
124;400039;realizar secado oltc;;;;;;1;;;;;1;;;;2;;;2;9;;;3;3;;;;;;3;3;;;;3;;;;;;;;;;;;;;;;;;;;
125;809578;otro;;;;;;9;;;;;2;2;;1;3;;;;3;;;;;;;;;;;;;;;;;;;;;;;;;;;;;;;;;;;
126;201232;realizar muestreo-analisis fsco-qco oltc;;;;;;2;;;;;2;2;;;;;;;;;;;;;;;;;;;;;;;;;;;;;;;;;;;;;;;;;;
127;200597;realizar secado oltc;1;1;1;;;2;;;;;2;;;;;;;;;;;;;;;;;;;;;;;;;;;;;;;;;;;;;;;;;;;
128;202718;realizar secado oltc;;;;;;1;;;;;1;;;;5;;;;9;;;;;;;;;;;;;;;;;;;;;;;;;;;;;;;;;;;
129;202455;realizar muestreo-analisis fsco-qco oltc;;;;;;9;;;;;9;;;1;;;;;;;;;;;;;;;;;;;;;;;;;;;;;;;;;;;;;;;;
130;808069;realizar muestreo-analisis fsco-qco oltc;;;;;;;;;;;;;;2;3;;;;3;;;6;;;;;;;6;;;;;;;;;;;;;;;;;;;;;;;;;
131;119233;cambiar silica oltc;;;;;;9;;;;;9;;;2;;;;;;;;;;;;;;;;;;;;;;;;;;;;;;;;;;;;;;;;
132;202455;otro;;;;;;9;;;;;9;;;1;;;;;;;;;;;;;;;;;;;;;;;;;;;;;;;;;;;;;;;;
133;2005480;realizar muestreo-analisis fsco-qco oltc;;;;;;2;;;;;2;;;;;;;;;;;;;;;;;;;;;;;;;;;;;;;;;;;;;;;;;;;
134;400039;realizar secado oltc;;;;;;1;;;;;1;;;;3;;;;3;;;;;;;;;;;;;;;;;;;;;;;;;;;;;;;;;;;
135;123167;cambiar silica oltc;;;;;;;;;;;;;;2;3;;;;3;;;;;;;;;;;;;;;;;;;;;;;;;;;;;;;;;;;
136;118095;realizar muestreo-analisis fsco-qco oltc;;;;;;1;;;;;1;;;;5;;;;9;;;;;;;;;;;;;;;;;;;;;;;;;;;;;;;;;;;
137;2004555;realizar muestreo-analisis fsco-qco oltc;;;;;;2;;;;;2;;;;5;;;;9;;;;;;;;;;;;;;;;;;;;;;;;;;;;;;;;;;;
138;2008032;realizar muestreo-analisis fsco-qco oltc;;;;;;2;;;;;2;;;9;5;9;9;;8;;;;;;;;;;;;;;;;;;;;;;;;;;;;;;;;;;;
139;2008033;realizar muestreo-analisis fsco-qco oltc;;;;;;2;;;;;2;;;9;5;9;9;;8;;;;;;;;;;;;;;;;;;;;;;;;;;;;;;;;;;;
140;201583;realizar muestreo-analisis fsco-qco oltc;;;;;;1;;;;;1;;;;;;;;;;;;;;;;;;;;;;;;;;;;;;;;;;;;;;;;;;;
141;123167;realizar muestreo-analisis fsco-qco oltc;;;;;;1;;;;;1;;;2;3;;;;3;;;;;;;;;;;;;;;;;;;;;;;;;;;;;;;;;;;
142;123168;realizar muestreo-analisis fsco-qco oltc;;;;;;1;;;;;1;;;;3;;;;3;;;;;;;;;;;;;;;;;;;;;;;;;;;;;;;;;;;
143;123168;realizar muestreo-analisis fsco-qco oltc;;;;;;1;;;;;1;;;;3;;;;3;;;;;;;;;;;;;;;;;;;;;;;;;;;;;;;;;;;
144;123168;realizar muestreo-analisis fsco-qco oltc;;;;;;1;;;;;1;;;;3;;;;3;;;;;;;;;;;;;;;;;;;;;;;;;;;;;;;;;;;
145;201583;realizar secado oltc;;;;;;1;;;;;1;;;;;;;;;;;;;;;;;;;;;;;;;;;;;;;;;;;;;;;;;;;
146;116143;otro;;;;;;2;;;;;2;;;;5;9;;;;;;;;;;;;;;;;;;;;;;;;;;;;;;;;;;;;;;
147;200597;realizar muestreo-analisis fsco-qco oltc;;;;;;;;;;;;;;;2;;2;;;;;;;;;;;;;;;;;;;;;;;;;;;;;;;;;;;;;
148;200597;realizar muestreo-analisis fsco-qco oltc;;;;;;;;;;;;;;;2;;2;;;;;;;;;;;;;;;;;;;;;;;;;;;;;;;;;;;;;
149;200597;realizar muestreo-analisis fsco-qco oltc;;;;;;;;;;;;;;;2;;2;;;;;;;;;;;;;;;;;;;;;;;;;;;;;;;;;;;;;
150;809579;cambiar silica oltc;;;;;;9;;;;;9;;;;2;;;2;;;;;;;;;;;;;;;;;;;;;;;;;;;;;;;;;;;;
151;120113;realizar muestreo-analisis fsco-qco oltc;;;;;;2;;;;;2;;;;;;;;;;;;;;;;;;;;;;;;;;;;;;;;;;;;;;;;;;;
152;201120;realizar muestreo-analisis fsco-qco oltc;;;;;;2;;;;;2;;;;;;;;;;;;;;;;;;;;;;;;;;;;;;;;;;;;;;;;;;;
153;807717;cambiar silica oltc;3;;3;;;9;;;;;9;;;;2;;;2;;;;;;;;;;;;;;;;;;;;;;;;;;;;;;;;;;;;
154;132718;realizar muestreo-analisis fsco-qco oltc;;;;;;2;;;;;2;;;;;;;;;;;;;;;;;;;;;;;;;;;;;;;;;;;;;;;;;;;
155;132718;realizar muestreo-analisis fsco-qco oltc;;;;;;2;;;;;2;;;;;;;;;;;;;;;;;;;;;;;;;;;;;;;;;;;;;;;;;;;
156;116144;otro;;;;;;1;;;;;1;;;;5;9;;;8;;;;;;;;;;;;;;;;;;;;;;;;;;;;;;;;;;;
157;2008032;otro;;;;;;1;;;;;1;;;9;5;9;9;;8;;;;;;;;;;;;;;;;;;;;;;;;;;;;;;;;;;;
158;116143;otro;;;;;;2;;;;;2;;;;5;9;;;;;;;;;;;;;;;;;;;;;;;;;;;;;;;;;;;;;;
159;809873;realizar muestreo-analisis fsco-qco oltc;;;;;;9;;;;;9;;;1;3;;;;3;;;;;;;;;;;;;;;;;;;;;;;;;;;;;;;;;;;
160;123168;otro;;;;;;1;;;;;1;;;;3;;;;3;;;;;;;;;;;;;;;;;;;;;;;;;;;;;;;;;;;
161;123159;otro;;;;;;1;;;;;1;;;;3;;;;3;;;;;;;;;;;;;;;;;;;;;;;;;;;;;;;;;;;
162;2004555;cambiar silica oltc;;;;;;2;;;;;2;;;;5;;;;9;;;;;;;;;;;;;;;;;;;;;;;;;;;;;;;;;;;
163;123167;otro;;;;;;;;;;;;;;2;3;;;;3;;;;;;;;;;;;;;;;;;;;;;;;;;;;;;;;;;;
164;123167;realizar muestreo-analisis fsco-qco oltc;;;;;;;;;;;;;;2;3;;;;3;;;;;;;;;;;;;;;;;;;;;;;;;;;;;;;;;;;
165;123168;realizar muestreo-analisis fsco-qco oltc;;;;;;1;;;;;1;;;;3;;;3;3;;;;;;;;;;;;;;;;;;;;;;;;;;;;;;;;;;;
166;116143;otro;;;;;;1;;;;;1;;;;;;;;;;;;;;;;;;;;;;;;;;;;;;;;;;;;;;;;;;;
167;116144;otro;;;;;;1;;;;;1;;;;5;;;;8;;;;;;;;;;;;;;;;;;;;;;;;;;;;;;;;;;;
168;2008032;realizar secado oltc;;;;;;1;;;;;1;;;9;3;9;9;;8;;;;;;;;;;;;;;;;;;;;;;;;;;;;;;;;;;;
169;2008033;realizar secado oltc;;;;;;2;;;;;2;;;9;5;9;9;;8;;;;;;;;;;;;;;;;;;;;;;;;;;;;;;;;;;;
170;2008033;cambiar silica oltc;;;;;;2;;;;;2;;;9;5;9;9;;8;;;;;;;;;;;;;;;;;;;;;;;;;;;;;;;;;;;
171;810049;cambiar silica oltc;;;;;;9;;;;;9;;;2;;;;;;;;;;;;;;;;;;;;;;;;;;;;;;;;;;;;;;;;
172;810050;cambiar silica oltc;;;;;;9;;;;;2;2;;;2;;2;;;;;;;;;;;;;;;;;;;;;;;;;;;;;;;;;;;;;
173;2008034;realizar secado oltc;;;;;;2;;;;;2;;;9;5;9;9;;8;;;;;;;;;;;;;;;;;;;;;;;;;;;;;;;;;;;
174;2004555;otro;;;;;;2;;;;;2;;;;5;;;;9;;;;;;;;;;;;;;;;;;;;;;;;;;;;;;;;;;;
175;2008034;otro;;;;;;2;;;;;2;;;9;5;9;9;;8;;;;;;;;;;;;;;;;;;;;;;;;;;;;;;;;;;;
176;2008032;otro;;;;;;1;;;;;1;;;9;5;9;9;;8;;;;;;;;;;;;;;;;;;;;;;;;;;;;;;;;;;;
177;2008033;otro;;;;;;2;;;;;2;;;9;5;9;9;;8;;;;;;;;;;;;;;;;;;;;;;;;;;;;;;;;;;;
178;2008034;otro;;;;;;2;;;;;2;;;9;3;9;9;;8;;;;;;;;;;;;;;;;;;;;;;;;;;;;;;;;;;;
179;202278;cambiar silica oltc;;;;;;2;;;;;2;;;;3;;;;3;;;;;;;;;;;;;;;;;;;;;;;;;;;;;;;;;;;
180;202280;cambiar silica oltc;;;;;;2;;;;;2;;;;3;;;;3;;;;;;;;;;;;;;;;;;;;;;;;;;;;;;;;;;;
181;201120;cambiar silica oltc;;;;;;2;;;;;2;;;;;;;;;;;;;;;;;;;;;;;;;;;;;;;;;;;;;;;;;;;
182;400039;realizar muestreo-analisis fsco-qco oltc;;;;;;;;;;;;;;;2;;2;3;3;;;;;;;;;;;;;;;;;;;;;;;;;;;;;;;;;;;
183;808998;cambiar silica oltc;;;;;;9;;;;;9;;;2;;;;;;;;;;;;;;;;;;;;;;;;;;;;;;;;;;;;;;;;
184;808998;cambiar silica oltc;;;;;;9;;;;;9;;;2;;;;;;;;;;;;;;;;;;;;;;;;;;;;;;;;;;;;;;;;
185;809582;realizar muestreo-analisis fsco-qco oltc;7;7;7;;7;8;;;;;8;;;;2;;2;;3;;;;;;;;;;;;;;;;;;;;;;;;;;;;;;;;;;;
186;811531;realizar muestreo-analisis fsco-qco oltc;2;;2;;;9;;;;;8;8;;;3;;;;8;;;;;;;;;;;;;;;;;;;;;;;;;;;;;;;;;;;
187;2005671;realizar muestreo-analisis fsco-qco oltc;;;;;;3;;;;;3;;;;2;2;;;9;;;;;;;;;;;;;;;;;;;;;;;;;;;;;;;;;;;
188;810551;cambiar silica oltc;;;;;;8;;;;;8;;;2;5;;;;9;;;;;;;;;;;;;;;;;;;;;;;;;;;;;;;;;;;
189;810550;cambiar silica oltc;;;;;;8;;;;;8;;;2;5;9;8;;8;;;;;;;;;;;;;;;;;;;;;;;;;;;;;;;;;;;
190;810550;cambiar silica oltc;;;;;;8;;;;;8;;;2;5;9;8;;8;;;;;;;;;;;;;;;;;;;;;;;;;;;;;;;;;;;
191;810551;cambiar silica oltc;;;;;;8;;;;;8;;;2;3;9;;;3;;;;;;;;;;;;;;;;;;;;;;;;;;;;;;;;;;;
192;807717;otro;3;;3;;;9;;;;;9;;;;2;;;2;;;;;;;;;;;;;;;;;;;;;;;;;;;;;;;;;;;;
193;807833;realizar muestreo-analisis fsco-qco oltc;;;;;;9;;;;;2;2;;;5;9;;;;;;;;;;;;;;;;;;;;;;;;;;;;;;;;;;;;;;
194;807717;realizar muestreo-analisis fsco-qco oltc;3;;3;;;9;;;;;9;;;;2;;;2;;;;;;;;;;;;;;;;;;;;;;;;;;;;;;;;;;;;
195;2005482;otro;;;;;;3;;;;;3;;;;2;2;;;;;;6;;;;;3;;6;;;;;3;;;;;;;;;;;;;;;;;;;;
196;200597;realizar muestreo-analisis fsco-qco oltc;;;;;;;;;;;3;3;;;2;;2;;;;;;;;;;;;;;;;;;;;;;;;;;;;;;;;;;;;;
197;116143;otro;;;;;;1;;;;;1;;;;;;;;;;;;;;;;;;;;;;;;;;;;;;;;;;;;;;;;;;;
198;116144;otro;;;;;;1;;;;;1;;;;3;3;;3;8;;;;;;;;;;;;;;;;;;;;;;;;;;;;;;;;;;;
199;810551;cambiar silica oltc;;;;;;8;;;;;8;;;2;3;9;;;3;;;;;;;;;;;;;;;;;;;;;;;;;;;;;;;;;;;
200;808069;otro;3;;3;;;;;;;;;;;2;2;;2;;3;;;6;;;;;;;6;;;;;;;;;;;;;;;;;;;;;;;;;
201;810550;realizar muestreo-analisis fsco-qco oltc;7;7;7;;7;8;;;;;2;2;;9;5;9;9;;9;9;;3;;;;;;;2;;;;;2;;;;;;;;;;;;;;;;;;;;
202;810550;realizar muestreo-analisis fsco-qco oltc;;;;;;8;;;;;2;2;;9;5;9;9;;9;9;;3;;;;;;;1;;;;;1;;;;;;;;;;;;;;;;;;;;
203;810550;realizar muestreo-analisis fsco-qco oltc;;;;;;8;;;;;2;2;;9;5;9;9;;9;9;;3;;;;;;;3;;;;;3;;;;;;;;;;;;;;;;;;;;
204;201204;otro;;;;;;;;;;;2;2;;;;;;;;;;;;;;;;;1;;;;;1;;;;;;;;;;;;;;;;;;;;
205;201232;otro;;;;;;;;;;;2;2;;;;;;;;;;;;;;;;;;;;;;;;;;;;;;;;;;;;;;;;;;
206;201238;otro;;;;;;;;;;;2;2;;;;;;;;;;;;;;;;;;;;;;;;;;;;;;;;;;;;;;;;;;
207;201232;realizar muestreo-analisis fsco-qco oltc;;;;;;;;;;;2;2;;;;;;;;;;;;;;;;;;;;;;;;;;;;;;;;;;;;;;;;;;
208;201238;realizar muestreo-analisis fsco-qco oltc;;;;;;;;;;;2;2;;;;;;;;;;;;;;;;;;;;;;;;;;;;;;;;;;;;;;;;;;
209;809578;realizar muestreo-analisis fsco-qco oltc;;;;;;9;;;;;2;2;;;5;;;;8;;;;;;;;;;;;;;;;;;;;;;;;;;;;;;;;;;;
210;809578;realizar muestreo-analisis fsco-qco oltc;;;;;;9;;;;;2;2;;;5;;;;8;;;;;;;;;;;;;;;;;;;;;;;;;;;;;;;;;;;
211;809578;hacer seguimiento generacion anormal de gases;;;;;;9;;;;;2;2;;;5;;;;8;;;;;;;;;;;;;;;;;;;;;;;;;;;;;;;;;;;
212;201582;realizar muestreo-analisis fsco-qco oltc;;;;;;;;;;;;;;;2;;;2;;;;;;;;;;;;;;;;;;;;;;;;;;;;;;;;;;;;
213;201204;realizar muestreo-analisis fsco-qco oltc;;;;;;;;;;;2;2;;;;;;;;;;;;;;;;;;;;;;;;;;;;;;;;;;;;;;;;;;
214;809578;otro;;;;;;9;;;;;2;2;;1;3;;;;3;;;;;;;;;;;;;;;;;;;;;;;;;;;;;;;;;;;
215;809578;realizar muestreo-analisis fsco-qco oltc;;;;;;9;;;;;2;2;;1;3;;;;3;;;;;;;;;;;;;;;;;;;;;;;;;;;;;;;;;;;
216;201232;realizar muestreo-analisis fsco-qco oltc;;;;;;2;;;;;2;2;;;;;;;;;;;;;;;;;;;;;;;;;;;;;;;;;;;;;;;;;;
217;809578;realizar muestreo-analisis fsco-qco oltc;;;;;;9;;;;;2;2;;;3;3;;;;;;;;;;;;;;;;;;;;;;;;;;;;;;;;;;;;;;
218;201582;otro;;;;;;;;;;;3;3;;;2;;2;3;3;;;6;;;;;;;6;;;;;;;;;;;;;;;;;;;;;;;;;
219;809578;realizar muestreo-analisis fsco-qco oltc;;;;;;9;;;;;2;2;;;3;3;;;;;;;;;;;;;;;;;;;;;;;;;;;;;;;;;;;;;;
220;109355;realizar muestreo-analisis fsco-qco oltc;;;;;;;;;;2;2;;;8;5;;;;;;;;;;;;;;;;;;;;;;;;;;;;;;;;;;;;;;;
221;109356;realizar muestreo-analisis fsco-qco oltc;;;;;;;;;;2;2;;;3;5;;;;;;;;;;;;;;;;;;;;;;;;;;;;;;;;;;;;;;;
222;111566;realizar muestreo-analisis fsco-qco oltc;;;;;;;;;;2;2;;;3;5;;;;;;;;;;;;;;;;;;;;;;;;;;;;;;;;;;;;;;;
223;111568;realizar muestreo-analisis fsco-qco oltc;;;;;;;;;;2;2;;;3;5;;;;;;;;;;;;;;;;;;;;;;;;;;;;;;;;;;;;;;;
224;111690;realizar muestreo-analisis fsco-qco oltc;2;;2;;;;;;;2;2;;;8;5;;;;;;;;;;;;;;;;;;;;;;;;;;;;;;;;;;;;;;;
225;118425;realizar muestreo-analisis fsco-qco oltc;;;;;;;;;;2;2;;;8;5;;;;;;;;;;;;;;;;;;;;;;;;;;;;;;;;;;;;;;;
226;112137;otro;;;;;;;;;;2;2;;;8;5;9;;;;;;;;;;;;;;;;;;;;;;;;;;;;;;;;;;;;;;
227;118425;otro;;;;;;;;;;2;2;;;8;5;;;;;;;;;;;;;;;;;;;;;;;;;;;;;;;;;;;;;;;
228;111566;otro;;;;;;;;;;2;2;;;3;5;;;;;;;;;;;;;;;;;;;;;;;;;;;;;;;;;;;;;;;
229;111568;otro;;;;;;;;;;2;2;;;3;5;;;;;;;;;;;;;;;;;;;;;;;;;;;;;;;;;;;;;;;
230;118425;otro;;;;;;;;;;2;2;;;8;5;;;;;;;;;;;;;;;;;;;;;;;;;;;;;;;;;;;;;;;
231;111566;otro;;;;;;;;;;;;;;8;2;2;2;;;;;;;;;;;;;;;;;;;;;;;;;;;;;;;;;;;;;
232;109357;otro;;;;;;;;;;3;3;;;8;2;2;2;;3;;;;;;;;;;;;;;;;;;;;;;;;;;;;;;;;;;;
233;111988;otro;;;;;;;;;;2;2;;;8;5;;;;;9;;;;;;;;;;;;;;;;;;;;;;;;;;;;;;;;;;
234;109355;realizar muestreo-analisis fsco-qco oltc;;;;;;;;;;2;2;;;8;3;;;;3;9;;;;;;;;;;;;;;;;;;;;;;;;;;;;;;;;;;
235;109356;realizar muestreo-analisis fsco-qco oltc;;;;;;;;;;2;2;;;8;2;2;2;;3;9;;;;;;;;;;;;;;;;;;;;;;;;;;;;;;;;;;
236;111690;realizar muestreo-analisis fsco-qco oltc;2;;2;;;;;;;2;2;;;8;5;;;;;9;;;;;;;;;;;;;;;;;;;;;;;;;;;;;;;;;;
237;111988;otro;;;;;;;;;;2;2;;2;8;5;;;;;9;;;;;;;;;1;1;;;;;;;;;;;;;;;;;;;;;;;;
238;109355;realizar muestreo-analisis fsco-qco oltc;;;;;;;;;;2;2;;2;8;3;;;;3;9;;;;;;;;;;;;;;;;;;;;;;;;;;;;;;;;;;
239;109356;realizar muestreo-analisis fsco-qco oltc;;;;;;;;;;2;2;;2;8;2;2;2;;3;9;;;;;;;;;;;;;;;;;;;;;;;;;;;;;;;;;;
240;118425;otro;;;;;;;;;;2;2;;;8;5;;;;;9;;;;;;;;;;;;;;;;;;;;;;;;;;;;;;;;;;
241;109355;realizar muestreo-analisis fsco-qco oltc;;;;;;;;;;2;2;;;8;3;3;3;;3;9;;;;;;;;;;;;;;;;;;;;;;;;;;;;;;;;;;
242;109356;realizar muestreo-analisis fsco-qco oltc;;;;;;;;;;2;2;;;8;2;2;2;;3;9;;;;;;;;;;;;;;;;;;;;;;;;;;;;;;;;;;
243;111567;realizar muestreo-analisis fsco-qco oltc;;;;;;;;;;2;2;;;8;5;;;;;9;;;;;;;;;;;;;;;;;;;;;;;;;;;;;;;;;;
244;111690;realizar muestreo-analisis fsco-qco oltc;2;;2;;;;;;;2;2;;;8;5;;;;;9;;;;;;;;;;;;;;;;;;;;;;;;;;;;;;;;;;
245;111566;otro;;;;;;;;;;2;2;;;8;2;2;2;;;9;;;;;;;;;;;;;;;;;;;;;;;;;;;;;;;;;;
246;111988;otro;;;;;;;;;;;2;;2;8;5;;;;;9;;;;;;;;;;;;;;;;;;;;;;;;;;;;;;;;;;
247;112135;otro;;;;;;;;;;2;2;;;8;5;;;;;9;;;;;;;;;;;;;;;;;;;;;;;;;;;;;;;;;;
248;112135;otro;;;;;;;;;;2;2;;;8;5;;;;;9;;;;;;;;;;;;;;;;;;;;;;;;;;;;;;;;;;
249;111567;otro;;;;;;;;;;2;2;;;8;5;;;;;9;;;;;;;;;;;;;;;;;;;;;;;;;;;;;;;;;;
250;112135;otro;;;;;;;;;;2;2;;;8;2;;2;;;9;;;;;;;;;6;;;;;;;;;;;;;;;;;;;;;;;;;
251;109357;otro;;;;;;;;;;;;;;8;2;2;;;;9;;;;;;;;;;;;;;;;;;;;;;;;;;;;;;;;;;
252;118425;otro;;;;;;;;;;2;2;;;8;5;;;;;9;;;;;;;;;;;;;;;;;;;;;;;;;;;;;;;;;;
253;112135;realizar muestreo-analisis fsco-qco oltc;;;;;;;;;;;;;;8;2;;2;;;9;;;;;;;;;;;;;;;;;;;;;;;;;;;;;;;;;;
254;112137;otro;;;;;;;;;;;;;;8;2;2;2;;3;9;;;;;;;;;;;;;;;;;;;;;;;;;;;;;;;;;;
255;111988;otro;;;;;;;;;;;;;;8;2;;2;;;9;;;;;;;;;;;;;;;;;;;;;;;;;;;;;;;;;;
256;810451;otro;2;;2;;;;;;;;;;;9;9;9;9;9;9;9;;;;;;;;;;;;;;;;;;;;;;;;;;;;;;;;;;
257;810451;otro;2;;2;;;;;;;;;;;;;;;;;;;;;;;;;;;;;;;;;;;;;;;;;;;;;;;;;;;
258;810451;realizar muestreo-analisis fsco-qco oltc;2;;2;;;;;;;;;;;;;;;;;;;;;;;;;;;;;;;;;;;;;;;;;;;;;;;;;;;
259;810451;otro;2;;2;;;;;;;;;;;;;;;;;;;;;;;;;;;;;;;;;;;;;;;;;;;;;;;;;;;
260;810451;otro;2;;2;;;;;;;;;;;;;;;;;;;;;;;;;;;;;;;;;;;;;;;;;;;;;;;;;;;
261;111988;otro;;;;;;;;;;;;;;8;2;3;3;;3;;;;;;;;;;;;;;;;;;;;;;;;;;;;;;;;;;;
262;111988;otro;;;;;;;;;;;;;;8;2;3;3;;3;;;;;;;;;;;;;;;;;;;;;;;;;;;;;;;;;;;
263;118424;realizar muestreo-analisis fsco-qco oltc;;;;;;;;;;;;;;8;2;;;;2;;;;;;;;;;;;;;;;;;;;;;;;;;;;;;;;;;;
264;202718;cambiar silica oltc;2;;2;;;;;;;;;;;;;;;;;;;;;;;;;;;;;;;;;;;;;;;;;;;;;;;;;;;
265;202718;otro;2;;2;;;;;;;;;;;;;;;;;;;;;;;;;;;;;;;;;;;;;;;;;;;;;;;;;;;
266;109357;otro;;;;;;;;;;;;;;8;2;2;2;;;;;;;;;;;;;;;;;;;;;;;;;;;;;;;;;;;;;
267;111988;otro;;;;;;;;;;2;2;;;8;5;;;;;;;;;;;;;;;;;;;;;;;;;;;;;;;;;;;;;;;
268;112135;otro;;;;;;;;;;2;2;;;8;5;;;;;;;;;;;;;;;;;;;;;;;;;;;;;;;;;;;;;;;
269;112136;otro;;;;;;;;;;;;;;8;2;;;;;;;;;;;;;;;;;;;;;;;;;;;;;;;;;;;;;;;
270;111566;otro;;;;;;;;;;;;;;2;5;;;;;;;;;;;;;;;;;;;;;;;;;;;;;;;;;;;;;;;
271;111690;otro;2;;2;;;;;;;;;;;8;5;;;;;;;;;;;;;;;;;;;;;;;;;;;;;;;;;;;;;;;
272;111691;otro;;;;;;;;;;;;;;8;2;2;2;;3;;;;;;;;;;;;;;;;;;;;;;;;;;;;;;;;;;;
273;111966;otro;2;;2;;;;;;;;;;;8;3;3;3;;;;;;;;;;;;;;;;;;;;;;;;;;;;;;;;;;;;;
274;111988;otro;;;;;;;;;;2;2;;;8;5;;;;;;;;;;;;;;;;;;;;;;;;;;;;;;;;;;;;;;;
275;111988;otro;;;;;;;;;;2;2;;;8;5;;;;;;;;;;;;;;;;;;;;;;;;;;;;;;;;;;;;;;;
276;112135;otro;;;;;;;;;;2;2;;;8;5;;;;;;;;;;;;;;;;;;;;;;;;;;;;;;;;;;;;;;;
277;810050;cambiar silica oltc;;;;;;9;;;;;9;;;2;;;;;;;;3;;;;;;;3;;;;;3;;;;;;;;;;;;;;;;;;;;
278;109355;cambiar silica oltc;;;;;;;;;;2;2;;;8;5;;;;;;;;;;;;;;;;;;;;;;;;;;;;;;;;;;;;;;;
279;109356;cambiar silica oltc;;;;;;;;;;2;2;;;8;5;;;;;;;;;;;;;;;;;;;;;;;;;;;;;;;;;;;;;;;
280;109357;cambiar silica oltc;;;;;;;;;;3;3;;;8;2;2;2;;;;;;;;;;;;;;;;;;;;;;;;;;;;;;;;;;;;;
281;201117;otro;2;;2;;;;;;;;;;;;5;;;;9;;;;;;;;;;;;;;;;;;;;;;;;;;;;;;;;;;;
282;202718;otro;2;;2;;;;;;;;;;;;;;;;;;;;;;;;;;;;;;;;;;;;;;;;;;;;;;;;;;;
283;2000407;otro;;;;;;8;;;;;8;;;;2;;2;;8;;;;;;;;;;;;;;;;;;;;;;;;;;;;;;;;;;;
284;201114;otro;1;;1;;;;;;;;;;;;5;;;;9;;;;;;;;;;;;;;;;;;;;;;;;;;;;;;;;;;;
285;100008;realizar secado oltc;;;;;;;;;;;;;;8;5;9;;;;9;;;;;;;;;1;1;;;;;;;;;;;;;;;;;;;;;;;;
286;202718;realizar secado oltc;3;;3;;;1;;;;;1;;;;5;;;;9;;;;;;;;;;;;;;;;;;;;;;;;;;;;;;;;;;;
287;201438;otro;2;;2;;;;;;;;;;;;5;;;;9;;;;;;;;;;;;;;;;;;;;;;;;;;;;;;;;;;;
288;808997;realizar muestreo-analisis fsco-qco oltc;;;;;;9;;;;;9;;;;2;9;2;;8;;;;;;;;;;;;;;;;;;;;;;;;;;;;;;;;;;;
289;201438;otro;2;;2;;;;;;;;;;;;5;;;;9;;;;;;;;;;;;;;;;;;;;;;;;;;;;;;;;;;;
290;100008;hacer seguimiento generacion anormal de gases;2;2;;;;;;;;;;;;8;5;9;;;;9;;;;;;;;;3;;;;;3;;;;;;;;;;;;;;;;;;;;
291;2000407;otro;2;;2;;;8;;;;;8;;;;2;9;2;;8;;;;;;;;;;;;;;;;;;;;;;;;;;;;;;;;;;;
292;200203;otro;;;;;;;;;;;;;;;2;;;;2;;;;;;;;;;;;;;;;;;;;;;;;;;;;;;;;;;;
293;809372;otro;;;;;;9;;;;;9;;;9;2;;;;8;;;;;;;;;;;;;;;;;;;;;;;;;;;;;;;;;;;
294;810050;cambiar silica oltc;;;;;;9;;;;;9;;;2;2;;;2;;;;;;;;;;;;;;;;;;;;;;;;;;;;;;;;;;;;
295;400039;realizar secado oltc;;;;;;1;;;;;1;;;;2;;;2;9;;;3;3;;;;;;3;3;;;;3;;;;;;;;;;;;;;;;;;;;
296;109355;otro;;;;;;;;;;2;2;;2;8;3;;;;3;9;;;;;;;;;;;;;;;;;;;;;;;;;;;;;;;;;;
297;109356;otro;;;;;;;;;;2;2;;2;8;2;2;2;;3;9;;;;;;;;;;;;;;;;;;;;;;;;;;;;;;;;;;
298;109357;otro;;;;;;;;;;3;3;;;8;2;2;2;;3;9;;;;;;;;;;;;;;;;;;;;;;;;;;;;;;;;;;
299;123178;otro;;;;;;;;;;;;;;8;2;;;;2;9;;;;;;;;;;;;;;;;;;;;;;;;;;;;;;;;;;
300;809372;otro;;;;;;9;;;;;9;;;;2;;2;;;;;;;;;;;;;;;;;;;;;;;;;;;;;;;;;;;;;
301;810451;otro;2;;2;;;;;;;;;;;;3;;;;8;;;;;;;;;;;;;;;;;;;;;;;;;;;;;;;;;;;
302;119040;otro;2;;2;;;;;;;;;;;;5;;;;9;;;;;;;;;;;;;;;;;;;;;;;;;;;;;;;;;;;
303;119040;otro;2;;2;;;;;;;;;;;;5;;;;9;;;;;;;;;;;;;;;;;;;;;;;;;;;;;;;;;;;
304;111073;otro;;;;;;;;;;;;;;8;2;2;2;;;;;;;;;;;;;;;;;;;;;;;;;;;;;;;;;;;;;
305;123178;realizar muestreo-analisis fsco-qco oltc;;;;;;;;;;;;;;8;2;;;;2;9;;;;;;;;;;;;;;;;;;;;;;;;;;;;;;;;;;
306;123178;otro;;;;;;;;;;;;;;8;2;;;;2;9;;;;;;;;;;;;;;;;;;;;;;;;;;;;;;;;;;
307;400039;otro;;;;;;1;;;;;1;;;;;;;;;;;3;3;;;;;;3;3;;;;3;;;;;;;;;;;;;;;;;;;;
308;400039;otro;;;;;;1;;;;;1;;;;;;;;;;;3;3;;;;;;3;3;;;;3;;;;;;;;;;;;;;;;;;;;
309;400039;otro;;;;;;1;;;;;1;;;;;;;;;;;3;3;;;;;;3;3;;;;3;;;;;;;;;;;;;;;;;;;;
310;400039;otro;;;;;;1;;;;;1;;;;;;;;;;;3;3;;;;;;3;3;;;;3;;;;;;;;;;;;;;;;;;;;
311;810050;otro;;;;;;9;;;;;9;;;2;3;;;;3;;;;;;;;;;;;;;;;;;;;;;;;;;;;;;;;;;;
312;810050;realizar muestreo-analisis fsco-qco oltc;;;;;;9;;;;;9;;;2;3;;;;3;;;;;;;;;;;;;;;;;;;;;;;;;;;;;;;;;;;
313;100008;otro;2;2;;;;;;;;;;;;8;5;9;;;;9;;;;;;;;;;;;;;;;;;;;;;;;;;;;;;;;;;
314;109355;cambiar silica oltc;;;;;;;;;;;;;;8;3;3;3;;3;9;;;;;;;;;1;1;;;;;;;;;;;;;;;;;;;;;;;;
315;109356;cambiar silica oltc;;;;;;;;;;;;;;8;2;2;2;;3;9;;;;;;;;;;;;;;;;;;;;;;;;;;;;;;;;;;
316;109357;cambiar silica oltc;;;;;;;;;;3;3;;;8;2;2;2;;3;9;;;;;;;;;;;;;;;;;;;;;;;;;;;;;;;;;;
317;109358;cambiar silica oltc;1;;;1;;;;;;9;9;;;8;8;8;8;;8;8;;;;;;;;;1;1;;;;;;;;;;;;;;;;;;;;;;;;
318;201438;otro;2;;2;;;;;;;;;;;;5;;;;9;;;;;;;;;;;;;;;;;;;;;;;;;;;;;;;;;;;
319;201585;otro;;;;;;;;;;;;;;;2;;;2;;;;;;;;;;;;;;;;;;;;;;;;;;;;;;;;;;;;
320;400039;otro;;;;;;1;;;;;1;;;;3;;;;3;;;;;;;;;;;;;;;;;;;;;;;;;;;;;;;;;;;
321;123178;cambiar silica oltc;;;;;;;;;;;;;;8;2;;;;2;9;;;;;;;;;;;;;;;;;;;;;;;;;;;;;;;;;;
322;123181;cambiar silica oltc;;;;;;;;;;;;;;2;2;;;;;;;;;;;;;;;;;;;;;;;;;;;;;;;;;;;;;;;
323;201438;otro;;;;;;;;;;;;;;;2;;2;;;;;;;;;;;;;;;;;;;;;;;;;;;;;;;;;;;;;
324;201582;otro;3;;3;;;;;;;;;;;;2;;;2;;;;;;;;;;;;;;;;;;;;;;;;;;;;;;;;;;;;
325;201585;otro;;;;;;;;;;;;;;;2;;2;;;;;;;;;;;;;;;;;;;;;;;;;;;;;;;;;;;;;
326;119040;otro;2;;2;;;;;;;;;;;;5;;;;9;;;;;;;;;;;;;;;;;;;;;;;;;;;;;;;;;;;
327;118423;realizar muestreo-analisis fsco-qco oltc;2;;2;;;;;;;;;;;8;5;;;;;9;;;;;;;;;;;;;;;;;;;;;;;;;;;;;;;;;;
328;118423;realizar muestreo-analisis fsco-qco oltc;2;;2;;;;;;;;;;;8;5;;;;;9;;;;;;;;;;;;;;;;;;;;;;;;;;;;;;;;;;
329;118423;realizar muestreo-analisis fsco-qco oltc;2;;2;;;;;;;;;;;8;5;;;;;9;;;;;;;;;;;;;;;;;;;;;;;;;;;;;;;;;;
330;111966;cambiar silica oltc;2;;2;;;;;;;;;;;8;5;;;;;9;;;;;;;;;;;;;;;;;;;;;;;;;;;;;;;;;;
331;200597;otro;;;;;;;;;;;;;;;2;;2;;;;;;;;;;;;;;;;;;;;;;;;;;;;;;;;;;;;;
332;200548;otro;;;;;;;;;;;;;;;2;;2;;;;;;;;;;;;;;;;;;;;;;;;;;;;;;;;;;;;;
333;201585;otro;;;;;;;;;;;;;;;2;;2;;;;;;;;;;;;;;;;;;;;;;;;;;;;;;;;;;;;;
334;200597;otro;;;;;;;;;;;;;;;2;;2;;;;;;;;;;;;;;;;;;;;;;;;;;;;;;;;;;;;;
335;2011679;otro;;;;;;;;;;9;9;;;8;2;9;2;;;8;;;;;;;;;;;;;;;;;;;;;;;;;;;;;;;;;;
336;201582;otro;;;;;;;;;;;3;3;;;2;;2;;;;;;;;;;;;;;;;;;;;;;;;;;;;;;;;;;;;;
337;201582;otro;;;;;;;;;;;3;3;;;2;;2;;;;;;;;;;;;;;;;;;;;;;;;;;;;;;;;;;;;;
338;119040;otro;;;;;;;;;;;;;;3;2;;2;;;;;;;;;;;;;;;;;;;;;;;;;;;;;;;;;;;;;
339;100008;otro;2;2;;;;;;;;;;;;8;5;9;;;;9;;;;;;;;;;;;;;;;;;;;;;;;;;;;;;;;;;
340;109358;otro;;;;;;;;;;9;9;;;8;2;8;2;;3;8;;;;;;;;;;;;;;;;;;;;;;;;;;;;;;;;;;
341;109358;otro;;;;;;;;;;9;9;;;8;2;8;2;;3;8;;;;;;;;;;;;;;;;;;;;;;;;;;;;;;;;;;
342;132503;realizar muestreo-analisis fsco-qco oltc;;;;;;;;;;;;;;8;2;9;2;;;9;;;;;;;;;;;;;;;;;;;;;;;;;;;;;;;;;;
343;2000407;otro;2;;2;;;8;;;;;8;;;;5;9;;;8;;;;;;;;;;;;;;;;;;;;;;;;;;;;;;;;;;;
344;808997;realizar muestreo-analisis fsco-qco oltc;;;;;;9;;;;;9;;;2;2;;;;2;;;;;;;;;;;;;;;;;;;;;;;;;;;;;;;;;;;
345;112135;otro;;;;;;;;;;2;2;;;8;5;;;;;9;;;;;;;;;6;;;;;;;;;;;;;;;;;;;;;;;;;
346;111691;realizar muestreo-analisis fsco-qco oltc;2;;2;;;;;;;;;;;8;5;;;;;9;;;;;;;;;;;;;;;;;;;;;;;;;;;;;;;;;;
347;810050;cambiar silica oltc;;;;;;9;;;;;2;2;;;2;;2;;;;;;;;;;;;;;;;;;;;;;;;;;;;;;;;;;;;;
348;117273;otro;;;;;;;;;;;;;;8;3;3;;;;9;;;;;;;;;1;1;;;;;;;;;;;;;;;;;;;;;;;;
349;117274;otro;;;;;;;;;;;;;;8;2;;2;;;9;;;;;;;;;;;;;;;;;;;;;;;;;;;;;;;;;;
350;119040;cambiar silica oltc;;;;;;;;;;;;;;3;2;;2;;;;;6;;;;;;;6;;;;;;;;;;;;;;;;;;;;;;;;;
351;2005218;otro;;;;;;;;;;9;9;;;8;2;;2;;;9;;;;;;;;;;;;;;;;;;;;;;;;;;;;;;;;;;
352;111689;realizar muestreo-analisis fsco-qco oltc;3;;3;;;;;;;;;;;8;2;2;;;;9;;;;;;;;;;;;;;;;;;;;;;;;;;;;;;;;;;
353;111691;realizar muestreo-analisis fsco-qco oltc;2;;2;;;;;;;;;;;8;5;;;;;9;;;;;;;;;;;;;;;;;;;;;;;;;;;;;;;;;;
354;111966;realizar muestreo-analisis fsco-qco oltc;2;;2;;;;;;;;;;;8;5;;;;;9;;;;;;;;;;;;;;;;;;;;;;;;;;;;;;;;;;
355;111691;otro;2;;2;;;;;;;;;;;8;5;;;;;9;;;;;;;;;;;;;;;;;;;;;;;;;;;;;;;;;;
356;2000407;otro;2;;2;;;8;;;;;8;;;;5;9;;;8;;;;;;;;;;;;;;;;;;;;;;;;;;;;;;;;;;;
357;119040;otro;;;;;;;;;;;;;;3;2;;2;;;;;6;;;;;;;6;;;;;;;;;;;;;;;;;;;;;;;;;
358;111566;realizar muestreo-analisis fsco-qco oltc;;;;;;;;;;;;;;8;2;2;;;;9;;;;;;;;;;;;;;;;;;;;;;;;;;;;;;;;;;
359;111989;realizar muestreo-analisis fsco-qco oltc;;;;;;;;;;;2;2;;8;5;;;;;9;;;;;;;;;;;;;;;;;;;;;;;;;;;;;;;;;;
360;111988;otro;;;;;;;;;;;2;;2;8;5;;;;;9;;;;;;;;;;;;;;;;;;;;;;;;;;;;;;;;;;
361;111988;otro;;;;;;;;;;;2;;2;8;5;;;;;9;;;;;;;;;;;;;;;;;;;;;;;;;;;;;;;;;;
362;117258;realizar muestreo-analisis fsco-qco oltc;;;;;;;;;;;;;;8;2;;2;;;9;;;;;;;;;;;;;;;;;;;;;;;;;;;;;;;;;;
363;117258;otro;;;;;;;;;;;;;;8;2;;2;;;9;;;;;;;;;;;;;;;;;;;;;;;;;;;;;;;;;;
364;117258;otro;;;;;;;;;;;;;;8;2;;2;;;9;;;;;;;;;;;;;;;;;;;;;;;;;;;;;;;;;;
365;117259;otro;;;;;;;;;;;;;;8;2;2;;;;9;;;;;;;;;;;;;;;;;;;;;;;;;;;;;;;;;;
366;117258;otro;;;;;;;;;;;;;;8;2;;2;;;9;;;;;;;;;;;;;;;;;;;;;;;;;;;;;;;;;;
367;117259;otro;;;;;;;;;;;;;;8;2;2;;;;9;;;;;;;;;;;;;;;;;;;;;;;;;;;;;;;;;;
368;117259;otro;;;;;;;;;;;;;;8;2;2;;;;9;;;;;;;;;;;;;;;;;;;;;;;;;;;;;;;;;;
369;112245;otro;;;;;;;;;;;2;2;;8;5;;;;;9;;;;;;;;;;;;;;;;;;;;;;;;;;;;;;;;;;
370;201114;cambiar silica oltc;;;;;;3;;;;;3;;;2;3;;3;;3;;;;;;;;;;;;;;;;;;;;;;;;;;;;;;;;;;;
371;201117;cambiar silica oltc;2;;2;;;;;;;;;;;;3;;3;;;;;;;;;;;;;;;;;;;;;;;;;;;;;;;;;;;;;
372;111566;otro;;;;;;;;;;;;;;8;2;2;;;3;9;;;;;;;;;;;;;;;;;;;;;;;;;;;;;;;;;;
373;111989;otro;;;;;;;;;;;2;2;;8;5;;;;;9;;;;;;;;;;;;;;;;;;;;;;;;;;;;;;;;;;
374;115058;otro;;;;;;;;;;;;;;;5;;;;9;;;3;3;;;;;;1;3;;;;;;;;;;;;;;;;;;;;;;;;
375;115104;otro;;;;;;;;;;;;;;8;2;2;2;;;;;;;;;;;;;;;;;;;;;;;;;;;;;;;;;;;;;
376;111988;otro;;;;;;;;;;;;;;8;2;;2;;;9;;;;;;;;;;;;;;;;;;;;;;;;;;;;;;;;;;
377;112135;aplicar sikaflex 1a protecciones mecanic;;;;;;;;;;;;;;8;2;;2;;;9;;;;;;;;;;;;;;;;;;;;;;;;;;;;;;;;;;
378;112136;aplicar sikaflex 1a protecciones mecanic;;;;;;;;;;;;;;8;2;2;2;;;;;;;;;;;;;;;;;;;;;;;;;;;;;;;;;;;;;
379;119040;aplicar sikaflex 1a protecciones mecanic;;;;;;;;;;;;;;3;2;;2;;;;;6;;;;;;;6;;;;;;;;;;;;;;;;;;;;;;;;;
380;123183;aplicar sikaflex 1a protecciones mecanic;;;;;;;;;;;;;;8;2;;2;;;9;;;;;;;;;6;;;;;;;;;;;;;;;;;;;;;;;;;
381;201438;aplicar sikaflex 1a protecciones mecanic;;;;;;;;;;;;;;;2;;2;;;;;6;;;;;;;6;;;;;;;;;;;;;;;;;;;;;;;;;
382;201582;aplicar sikaflex 1a protecciones mecanic;;;;;;;;;;;2;2;;;3;;;3;3;;;;;;;;;;;;;;;;;;;;;;;;;;;;;;;;;;;
383;201585;aplicar sikaflex 1a protecciones mecanic;;;;;;;;;;;;;;;2;;2;;;;;6;;;;;;;6;;;;;;;;;;;;;;;;;;;;;;;;;
384;2009377;aplicar sikaflex 1a protecciones mecanic;;;;;;;;;;9;9;;;8;2;;2;;;8;;;;;;;;;;;;;;;;;;;;;;;;;;;;;;;;;;
385;2009378;aplicar sikaflex 1a protecciones mecanic;;;;;;;;;;9;9;;;8;2;9;2;;9;8;;;;;;;;;;;;;;;;;;;;;;;;;;;;;;;;;;
386;111566;aplicar sikaflex 1a protecciones mecanic;;;;;;;;;;;;;;8;2;2;;;3;9;;;;;;;;;;;;;;;;;;;;;;;;;;;;;;;;;;
387;111689;aplicar sikaflex 1a protecciones mecanic;3;;3;;;;;;;;;;;8;2;2;;;;9;;;;;;;;;;;;;;;;;;;;;;;;;;;;;;;;;;
388;111690;aplicar sikaflex 1a protecciones mecanic;;;;;;;;;;2;2;;;8;5;;;;;9;;;;;;;;;;;;;;;;;;;;;;;;;;;;;;;;;;
389;111691;aplicar sikaflex 1a protecciones mecanic;2;;2;;;;;;;;;;;8;5;;;;;9;;;;;;;;;;;;;;;;;;;;;;;;;;;;;;;;;;
390;111966;aplicar sikaflex 1a protecciones mecanic;2;;2;;;;;;;;;;;8;5;;;;;9;;;;;;;;;;;;;;;;;;;;;;;;;;;;;;;;;;
391;111988;otro;;;;;;;;;;;;;;8;2;;2;;;9;;;;;;;;;;;;;;;;;;;;;;;;;;;;;;;;;;
392;111989;aplicar sikaflex 1a protecciones mecanic;;;;;;;;;;;2;2;;8;5;;;;;9;;;;;;;;;;;;;;;;;;;;;;;;;;;;;;;;;;
393;112245;aplicar sikaflex 1a protecciones mecanic;;;;;;;;;;;;;;8;2;;2;;;9;;;;;;;;;;;;;;;;;;;;;;;;;;;;;;;;;;
394;112246;aplicar sikaflex 1a protecciones mecanic;;;;;;;;;;;;;;8;2;;2;;;9;;;;;;;;;;;;;;;;;;;;;;;;;;;;;;;;;;
395;117258;aplicar sikaflex 1a protecciones mecanic;;;;;;;;;;;;;;8;2;;2;;;9;;;;;;;;;;;;;;;;;;;;;;;;;;;;;;;;;;
396;117259;aplicar sikaflex 1a protecciones mecanic;;;;;;;;;;;;;;8;2;2;2;;;9;;;;;;;;;;;;;;;;;;;;;;;;;;;;;;;;;;
397;123172;aplicar sikaflex 1a protecciones mecanic;;;;;;;;;;;;;;8;2;;2;;;9;;;;;;;;;;;;;;;;;;;;;;;;;;;;;;;;;;
398;133034;aplicar sikaflex 1a protecciones mecanic;;;;;;;;;;;;;;8;2;9;2;;;9;;;;;;;;;;;;;;;;;;;;;;;;;;;;;;;;;;
399;2000236;aplicar sikaflex 1a protecciones mecanic;;;;;;;;;;;;;;8;2;9;2;;;9;;;;;;;;;;;;;;;;;;;;;;;;;;;;;;;;;;
400;2009683;aplicar sikaflex 1a protecciones mecanic;;;;;;;;;;9;9;;;8;2;9;2;;;8;;;;;;;;;;;;;;;;;;;;;;;;;;;;;;;;;;
401;109355;aplicar sikaflex 1a protecciones mecanic;;;;;;;;;;;;;;8;3;3;3;;3;9;;;;;;;;;1;1;;;;;;;;;;;;;;;;;;;;;;;;
402;109356;aplicar sikaflex 1a protecciones mecanic;;;;;;;;;;;;;;8;2;2;2;;;9;;;;;;;;;;;;;;;;;;;;;;;;;;;;;;;;;;
403;109357;aplicar sikaflex 1a protecciones mecanic;;;;;;;;;;;;;;8;2;2;;;;9;;;;;;;;;;;;;;;;;;;;;;;;;;;;;;;;;;
404;111073;aplicar sikaflex 1a protecciones mecanic;;;;;;;;;;;;;;8;2;2;2;;;;;;;;;;;;;;;;;;;;;;;;;;;;;;;;;;;;;
405;111105;aplicar sikaflex 1a protecciones mecanic;;;;;;;;;;;;;;;2;;2;;8;;;;;;;;;;;;;;;;;;;;;;;;;;;;;;;;;;;
406;115104;aplicar sikaflex 1a protecciones mecanic;;;;;;;;;;;;;;8;2;2;2;;;;;;;;;;;;;;;;;;;;;;;;;;;;;;;;;;;;;
407;117272;aplicar sikaflex 1a protecciones mecanic;;;;;;;;;;;;;;8;2;9;2;;3;9;;;;;;;;;;;;;;;;;;;;;;;;;;;;;;;;;;
408;117273;aplicar sikaflex 1a protecciones mecanic;;;;;;;;;;;;;;8;2;9;2;;3;9;;;;;;;;;1;1;;;;;;;;;;;;;;;;;;;;;;;;
409;117274;aplicar sikaflex 1a protecciones mecanic;;;;;;;;;;;;;;8;2;9;2;;3;9;;;;;;;;;;;;;;;;;;;;;;;;;;;;;;;;;;
410;118423;aplicar sikaflex 1a protecciones mecanic;2;;2;;;;;;;;;;;8;5;;;;;9;;;;;;;;;;;;;;;;;;;;;;;;;;;;;;;;;;
411;118424;aplicar sikaflex 1a protecciones mecanic;;;;;;;;;;;;;;8;2;;;;2;;;;;;;;;;;;;;;;;;;;;;;;;;;;;;;;;;;
412;118425;aplicar sikaflex 1a protecciones mecanic;;;;;;;;;;2;2;;;8;5;;;;;9;;;;;;;;;;;;;;;;;;;;;;;;;;;;;;;;;;
413;132503;aplicar sikaflex 1a protecciones mecanic;;;;;;;;;;;;;;8;2;9;2;;;9;;;;;;;;;;;;;;;;;;;;;;;;;;;;;;;;;;
414;200203;aplicar sikaflex 1a protecciones mecanic;;;;;;;;;;;;;;;2;;;2;;;;;;;;;;;;;;;;;;;;;;;;;;;;;;;;;;;;
415;200548;aplicar sikaflex 1a protecciones mecanic;2;2;;;;2;;;;;2;;;;2;;2;;;;;;;;;;;;;;;;;;;;;;;;;;;;;;;;;;;;;
416;200597;aplicar sikaflex 1a protecciones mecanic;;;;;;;;;;;3;3;;;2;;2;;;;;;;;;;;;;;;;;;;;;;;;;;;;;;;;;;;;;
417;201114;aplicar sikaflex 1a protecciones mecanic;;;;;;3;;;;;3;;;2;3;;3;;3;;;;;;;;;;;;;;;;;;;;;;;;;;;;;;;;;;;
418;201117;aplicar sikaflex 1a protecciones mecanic;2;;2;;;;;;;;;;;;3;;3;;;;;;;;;;;;;;;;;;;;;;;;;;;;;;;;;;;;;
419;201232;aplicar sikaflex 1a protecciones mecanic;;;;;;;;;;;2;2;;;;;;;;;;;;;;;;;;;;;;;;;;;;;;;;;;;;;;;;;;
420;2000233;aplicar sikaflex 1a protecciones mecanic;2;;;;2;;;;;;;;;8;5;9;;;;9;;;;;;;;;;;;;;;;;;;;;;;;;;;;;;;;;;
421;117274;realizar muestreo-analisis fsco-qco oltc;;;;;;;;;;;;;;8;2;9;2;;3;9;;;;;;;;;;;;;;;;;;;;;;;;;;;;;;;;;;
422;123183;otro;;;;;;;;;;;;;;8;2;;2;;;9;;;;;;;;;6;;;;;;;;;;;;;;;;;;;;;;;;;
423;123183;otro;;;;;;;;;;;;;;8;2;;2;;;9;;;;;;;;;;;;;;;;;;;;;;;;;;;;;;;;;;
424;2009685;otro;;;;;;;;;;9;9;;;8;2;9;2;;;8;;;;;;;;;;;;;;;;;;;;;;;;;;;;;;;;;;
425;111989;otro;;;;;;;;;;;2;2;;8;5;;;;;9;;;;;;;;;;;;;;;;;;;;;;;;;;;;;;;;;;
426;111989;otro;;;;;;;;;;;2;2;;8;5;;;;;9;;;;;;;;;;;;;;;;;;;;;;;;;;;;;;;;;;
427;118435;cambiar silica oltc;;;;;;;;;;;;;;8;2;;2;;;9;;;;;;;;;;;;;;;;;;;;;;;;;;;;;;;;;;
428;123181;cambiar silica oltc;;;;;;;;;;;;;;2;2;;;;;;;;;;;;;;;;;;;;;;;;;;;;;;;;;;;;;;;
429;123181;otro;;;;;;;;;;;;;;2;2;;;;;;;;;;;;;;;;;;;;;;;;;;;;;;;;;;;;;;;
430;202718;otro;;;;;;;;;;;;;;;2;;2;;9;;;;;;;;;;;;;;;;;;;;;;;;;;;;;;;;;;;
431;118425;cambiar silica oltc;;;;;;;;;;2;2;;;8;5;;;;;9;;;;;;;;;;;;;;;;;;;;;;;;;;;;;;;;;;
432;117272;realizar muestreo-analisis fsco-qco oltc;;;;;;;;;;;;;;8;2;9;2;;3;9;;;;;;;;;;;;;;;;;;;;;;;;;;;;;;;;;;
433;118423;cambiar silica oltc;2;;2;;;;;;;;;;;8;5;;;;;9;;;;;;;;;;;;;;;;;;;;;;;;;;;;;;;;;;
434;118424;cambiar silica oltc;;;;;;;;;;;;;;8;2;;;;2;;;;;;;;;;;;;;;;;;;;;;;;;;;;;;;;;;;
435;810550;cambiar silica oltc;;;;;;8;;;;;8;;;2;5;9;8;;8;;;;;;;;;;;;;;;;;;;;;;;;;;;;;;;;;;;
436;810550;cambiar silica oltc;;;;;;8;;;;;8;;;2;5;9;8;;8;;;;;;;;;;;;;;;;;;;;;;;;;;;;;;;;;;;
437;111073;cambiar silica oltc;;;;;;;;;;;;;;8;2;3;;;2;9;;;;;;;;;;;;;;;;;;;;;;;;;;;;;;;;;;
438;2011679;otro;;;;;;;;;;9;9;;;8;2;9;2;;;8;;;;;;;;;;;;;;;;;;;;;;;;;;;;;;;;;;
439;118424;realizar muestreo-analisis fsco-qco oltc;;;;;;;;;;;;;;8;2;;2;;;9;;;;;;;;;;;;;;;;;;;;;;;;;;;;;;;;;;
440;2000407;otro;2;;2;;;8;;;;;8;;;;5;9;;;8;;;;;;;;;;;;;;;;;;;;;;;;;;;;;;;;;;;
441;2000407;otro;2;;2;;;8;;;;;8;;;;5;9;;;8;;;;;;;;;;;;;;;;;;;;;;;;;;;;;;;;;;;
442;112137;otro;;;;;;;;;;;;;;8;2;2;2;;3;9;;;;;;;;;;;;;;;;;;;;;;;;;;;;;;;;;;
443;111988;otro;;;;;;;;;;;;;;8;2;;2;;;9;;;;;;;;;;;;;;;;;;;;;;;;;;;;;;;;;;
444;111989;otro;;;;;;;;;;;;;;8;2;;2;;3;9;;;;;;;;;;;;;;;;;;;;;;;;;;;;;;;;;;
445;123181;otro;;;;;;;;;;;;;;8;2;;2;;;9;;;;;;;;;;;;;;;;;;;;;;;;;;;;;;;;;;
446;2000236;otro;;;;;;;;;;;;;;8;2;9;2;;;9;;;;;;;;;;;;;;;;;;;;;;;;;;;;;;;;;;
447;109355;otro;;;;;;;;;;;;;;8;3;3;3;;3;9;;;;;;;;;1;1;;;;;;;;;;;;;;;;;;;;;;;;
448;109356;otro;;;;;;;;;;;;;;8;2;2;2;;;9;;;;;;;;;;;;;;;;;;;;;;;;;;;;;;;;;;
449;112135;otro;;;;;;;;;;;;;;8;2;;2;;;9;;;;;;;;;;;;;;;;;;;;;;;;;;;;;;;;;;
450;111566;aplicar sikaflex 1a protecciones mecanic;;;;;;;;;;;2;2;;8;3;;;;3;9;;;;;;;;;;;;;;;;;;;;;;;;;;;;;;;;;;
451;117259;otro;;;;;;;;;;;;;;8;2;2;;;;9;;;;;;;;;;;;;;;;;;;;;;;;;;;;;;;;;;
452;201114;cambiar silica oltc;;;;;;3;;;;;3;;;2;3;;3;;3;;;;;;;;;;;;;;;;;;;;;;;;;;;;;;;;;;;
453;109355;realizar muestreo-analisis fsco-qco oltc;;;;;;;;;;;;;;8;3;3;3;;3;9;;;;;;;;;1;1;;;;;;;;;;;;;;;;;;;;;;;;
454;115104;realizar muestreo-analisis fsco-qco oltc;;;;;;;;;;;;;;8;2;2;2;;;;;;;;;;;;;;;;;;;;;;;;;;;;;;;;;;;;;
455;112137;otro;;;;;;;;;;;;;;8;2;2;2;;3;9;;;;;;;;;;;;;;;;;;;;;;;;;;;;;;;;;;
456;120116;cambiar silica oltc;2;;2;;;;;;;;;;;8;3;;3;;;9;;;;;;;;;;;;;;;;;;;;;;;;;;;;;;;;;;
457;810451;cambiar silica oltc;2;;2;;;;;;;;;;;;3;;;;8;;;;;;;;;;;;;;;;;;;;;;;;;;;;;;;;;;;
458;109355;cambiar silica oltc;;;;;;;;;;;;;;8;3;3;3;;3;9;;;;;;;;;1;1;;;;;;;;;;;;;;;;;;;;;;;;
459;109356;cambiar silica oltc;;;;;;;;;;;;;;8;2;2;2;;;9;;;;;;;;;;;;;;;;;;;;;;;;;;;;;;;;;;
460;109357;cambiar silica oltc;;;;;;;;;;;;;;8;2;2;;;;9;;;;;;;;;;;;;;;;;;;;;;;;;;;;;;;;;;
461;115057;cambiar silica oltc;;;;;;;;;;;;;;3;2;;;2;;;;3;;;;;;;3;;;;;;;;;;;;;;;;;;;;;;;;;
462;118095;cambiar silica oltc;;;;;;;;;;;;;;;2;;;2;;;;;;;;;;;;;;;;;;;;;;;;;;;;;;;;;;;;
463;810050;otro;;;;;;9;;;;;9;;;2;;;;;;;;3;;;;;;;3;;;;;3;;;;;;;;;;;;;;;;;;;;
464;200203;otro;;;;;;;;;;;;;;;2;;;2;;;;;;;;;;;;;;;;;;;;;;;;;;;;;;;;;;;;
465;200646;otro;;;;;;;;;;;;;;;2;;;2;9;;;;;;;;;;;;;;;;;;;;;;;;;;;;;;;;;;;
466;200646;otro;;;;;;;;;;;;;;;2;;;2;9;;;;;;;;;;;;;;;;;;;;;;;;;;;;;;;;;;;
467;200646;realizar muestreo-analisis fsco-qco oltc;;;;;;;;;;;;;;;2;;;2;9;;;;;;;;;;;;;;;;;;;;;;;;;;;;;;;;;;;
468;203342;otro;2;2;2;;;;;;;;;;;8;3;;;;3;;;;;;;;;;;;;;;;;;;;;;;;;;;;;;;;;;;
469;200203;otro;;;;;;;;;;;;;;;2;;;;2;;;;;;;;;;;;;;;;;;;;;;;;;;;;;;;;;;;
470;200203;otro;;;;;;;;;;;;;;;2;;2;;;;;;;;;;;;;;;;;;;;;;;;;;;;;;;;;;;;;
471;400039;realizar muestreo-analisis fsco-qco oltc;;;;;;1;;;;;1;;;;3;;;;9;;;;;;;;;;;;;;;;;;;;;;;;;;;;;;;;;;;
472;400039;realizar muestreo-analisis fsco-qco oltc;;;;;;1;;;;;1;;;;5;;;;9;;;;;;;;;;;;;;;;;;;;;;;;;;;;;;;;;;;
473;400039;realizar secado oltc;;;;;;1;;;;;1;;;;2;;;2;9;;;3;3;;;;;;3;3;;;;3;;;;;;;;;;;;;;;;;;;;
474;203342;realizar muestreo-analisis fsco-qco oltc;2;2;2;;;;;;;;;;;8;3;9;;;3;;;;;;;;;;;;;;;;;;;;;;;;;;;;;;;;;;;
475;400039;realizar secado oltc;;;;;;1;;;;;1;;;;3;;;;3;;;;;;;;;;;;;;;;;;;;;;;;;;;;;;;;;;;
476;118095;realizar muestreo-analisis fsco-qco oltc;;;;;;1;;;;;1;;;;5;;;;9;;;;;;;;;;;;;;;;;;;;;;;;;;;;;;;;;;;
477;200647;otro;;;;;;;;;;;;;;3;2;;;2;;;;;;;;;;;;;;;;;;;;;;;;;;;;;;;;;;;;
478;201582;otro;;;;;;;;;;;3;3;;;2;;2;;;;;;;;;;;;;;;;;;;;;;;;;;;;;;;;;;;;;
479;200647;otro;;;;;;;;;;;;;;3;2;;;2;;;;;;;;;;;;;;;;;;;;;;;;;;;;;;;;;;;;
480;200203;otro;;;;;;;;;;;;;;;2;;;2;;;;;;;;;;;;;;;;;;;;;;;;;;;;;;;;;;;;
481;203342;otro;3;;3;;;;;;;;;;;2;3;9;;;3;;;;;;;;;;;;;;;;;;;;;;;;;;;;;;;;;;;
482;201179;otro;;;;;;;;;;;;;;;2;;;2;;;;;;;;;;;;;;;;;;;;;;;;;;;;;;;;;;;;
483;400039;realizar muestreo-analisis fsco-qco oltc;;;;;;;;;;;;;;;2;;2;3;3;;;;;;;;;;;;;;;;;;;;;;;;;;;;;;;;;;;
484;200203;revisar/cambiar motoventilador;;;;;;;;;;;;;;;;;;;;;;3;3;;;;;;1;3;;;;;;;;;;;;;;;;;;;;;;;;
485;810050;otro;;;;;;9;;;;;2;2;;;;;;;;;;;;;;;;;;;;;;;;;;;;;;;;;;;;;;;;;;
486;200203;otro;;;;;;;;;;;;;;2;;;;;;;;;;;;;;;;;;;;;;;;;;;;;;;;;;;;;;;;
487;111568;revisar/cambiar motoventilador;;;;;;;;;;;;;;3;5;;;;;;;;;;;;;;2;;;;;2;;;;;;;;;;;;;;;;;;;;
488;109357;revisar/cambiar motoventilador;;;;;;;;;;;;;;8;2;2;2;;;3;;;;;;;;;;;;;;;;;;;;;;;;;;;;;;;;;;
489;808069;revisar/cambiar motoventilador;2;;2;;;9;;;;;9;;;2;;;;;;;;;;;;;;;;;;;;;;;;;;;;;;;;;;;;;;;;
490;112113;revisar/cambiar motoventilador;;;;;;;;;;;2;2;;8;5;;;;;;;;;;;;;;1;;;;;1;;;;;;;;;;;;;;;;;;;;
491;809578;revisar/cambiar motoventilador;3;;3;;3;9;;;;;2;2;;1;;;;;;;;;;;;;;;;;;;;;;;;;;;;;;;;;;;;;;;;
492;109357;revisar/cambiar motoventilador;;;;;;;;;;;;;;8;2;2;2;;;;;;;;;;;;;;;;;;;;;;;;;;;;;;;;;;;;;
493;111566;revisar/cambiar motoventilador;;;;;;;;;;2;2;;;3;5;;;;;;;;;;;;;;;;;;;;;;;;;;;;;;;;;;;;;;;
494;109356;revisar/cambiar motoventilador;;;;;;;;;;2;2;;;3;5;;;;;;;;;;;;;;;;;;;;;;;;;;;;;;;;;;;;;;;
495;809578;revisar/cambiar motoventilador;;;;;;9;;;;;2;2;;;5;;;;8;;;;;;;;;;;;;;;;;;;;;;;;;;;;;;;;;;;
496;109357;revisar/cambiar motoventilador;;;;;;;;;;3;3;;;8;2;2;2;;3;9;;;;;;;;;;;;;;;;;;;;;;;;;;;;;;;;;;
497;109357;otro;;;;;;;;;;3;3;;;8;2;2;2;;3;9;;;;;;;;;;;;;;;;;;;;;;;;;;;;;;;;;;
498;111566;otro;;;;;;;;;;;;;;8;5;;;;;9;;;;;;;;;2;;;;;2;;;;;;;;;;;;;;;;;;;;
499;111689;otro;;;;;;;;;;;;;;8;2;2;2;;;;;;;;;;;;;;;;;;;;;;;;;;;;;;;;;;;;;
500;116142;revisar/cambiar motoventilador;2;;2;;;;;;;;;;;;5;;;;9;;;;;;;;;;;;;;;;;;;;;;;;;;;;;;;;;;;
501;2005670;revisar/cambiar motoventilador;;;;;;;;;;;2;;2;3;5;;;;9;;;;;;;;;;;;;;;;;;;;;;;;;;;;;;;;;;;
502;111691;revisar/cambiar motoventilador;;;;;;;;;;;;;;8;5;;;;;9;;;;;;;;;1;1;;;;;;;;;;;;;;;;;;;;;;;;
503;119233;revisar/cambiar motoventilador;;;;;;9;;;;;9;;;2;;;;;;;;;;;;;;;;;;;;;;;;;;;;;;;;;;;;;;;;
504;203791;revisar/cambiar motoventilador;;;;;;;;;;;;;;2;3;;;;3;;;6;;;;;;;6;;;;;;;;;;;;;;;;;;;;;;;;;
505;116137;revisar/cambiar motoventilador;3;;3;;;;;;;;;;;2;3;;;3;9;;;;;;;;;;;;;;;;;;;;;;;;;;;;;;;;;;;
506;111566;revisar/cambiar motoventilador;;;;;;;;;;;;;;8;2;2;2;;;9;;;;;;;;;;;;;;;;;;;;;;;;;;;;;;;;;;
507;111690;revisar/cambiar motoventilador;2;;2;;;;;;;;;;;8;5;;;;;9;;;;;;;;;;;;;;;;;;;;;;;;;;;;;;;;;;
508;119234;revisar/cambiar motoventilador;;;;;;9;;;;;9;;;;2;2;;;;;;;;;;;;;;;;;;;;;;;;;;;;;;;;;;;;;;
509;2005482;revisar/cambiar motoventilador;;;;;;2;;;;;2;;;;;;;;;;;;;;;;;;3;2;;;;;;;;;;;;;;;;;;;;;;;;
510;109357;revisar/cambiar motoventilador;;;;;;;;;;2;2;;;8;5;;;;;9;;;;;;;;;;;;;;;;;;;;;;;;;;;;;;;;;;
511;111690;revisar/cambiar motoventilador;2;;2;;;;;;;2;2;;;8;5;;;;;9;;;;;;;;;;;;;;;;;;;;;;;;;;;;;;;;;;
512;111690;revisar/cambiar motoventilador;2;;2;;;;;;;2;2;;;8;2;2;;;;9;;;;;;;;;;;;;;;;;;;;;;;;;;;;;;;;;;
513;203791;revisar/cambiar motoventilador;;;;;;;;;;;;;;2;3;;;;3;;;;;;;;;;;;;;;;;;;;;;;;;;;;;;;;;;;
514;2005671;revisar/cambiar motoventilador;;;;;;3;;;;;3;;;;2;2;;;9;;;;;;;;;;;;;;;;;;;;;;;;;;;;;;;;;;;
515;116142;revisar/cambiar motoventilador;2;;2;;;;;;;;;;;;5;;;;9;;;;;;;;;;;;;;;;;;;;;;;;;;;;;;;;;;;
516;201446;revisar/cambiar motoventilador;;;;;;;;;;;;;;;2;2;;;9;;;;;;;;;;;;;;;;;;;;;;;;;;;;;;;;;;;
517;809578;revisar/cambiar motoventilador;;;;;;9;;;;;2;2;;;3;3;;;;;;;;;;;;;;;;;;;;;;;;;;;;;;;;;;;;;;
518;808998;revisar/cambiar motoventilador;;;;;;9;;;;;9;;;2;;;;;;;;;;;;;;;;;;;;;;;;;;;;;;;;;;;;;;;;
519;111689;revisar/cambiar motoventilador;;;;;;;;;;;;;;8;2;2;2;;;9;;;;;;;;;;;;;;;;;;;;;;;;;;;;;;;;;;
520;111691;revisar/cambiar motoventilador;2;;2;;;;;;;;;;;8;5;;;;;9;;;;;;;;;;;;;;;;;;;;;;;;;;;;;;;;;;
521;111434;revisar/cambiar motoventilador;;;;;;;;;;;2;2;;;3;3;;;3;;;;;;;;;;;;;;;;;;;;;;;;;;;;;;;;;;;
522;119234;revisar/cambiar motoventilador;3;;3;;;9;;;;;9;;;;2;2;9;;9;;;;;;;;;;;;;;;;;;;;;;;;;;;;;;;;;;;
523;119234;otro;3;;3;;;9;;;;;9;;;;2;2;9;;9;;;;;;;;;;;;;;;;;;;;;;;;;;;;;;;;;;;
524;109357;revisar/cambiar motoventilador;;;;;;;;;;2;2;;;8;5;9;;;;9;;;;;;;;;;;;;;;;;;;;;;;;;;;;;;;;;;
525;119233;revisar/cambiar motoventilador;;;;;;9;;;;;9;;;2;;;;;;;;;;;;;;;;;;;;;;;;;;;;;;;;;;;;;;;;
526;201439;revisar/cambiar motoventilador;;;;;;;;;;;2;2;;;5;;;;9;;;;;;;;;;;;;;;;;;;;;;;;;;;;;;;;;;;
527;201440;revisar/cambiar motoventilador;1;;1;;1;;;;;;;;;;5;;;;9;;;;;;;;;;;;;;;;;;;;;;;;;;;;;;;;;;;
528;2005480;otro;;;;;;2;;;;;2;;;;;;;;;;;;;;;;;;;;;;;;;;;;;;;;;;;;;;;;;;;
529;2005482;revisar/cambiar motoventilador;;;;;;3;;;;;3;;;;2;2;;;;;;6;;;;;3;;6;;;;;3;;;;;;;;;;;;;;;;;;;;
530;118487;revisar/cambiar motoventilador;3;;3;;;1;;;;;1;;;3;;;;;;;;;;;;;;;;;;;;;;;;;;;;;;;;;;;;;;;;
531;201440;revisar/cambiar motoventilador;1;;1;;1;;;;;;;;;;3;3;;;9;;;;;;;;;;;;;;;;;;;;;;;;;;;;;;;;;;;
532;111566;revisar/cambiar motoventilador;;;;;;;;;;2;2;;;8;5;;;;;9;;;;;;;;;;;;;;;;;;;;;;;;;;;;;;;;;;
533;116142;revisar/cambiar motoventilador;;;;;;;;;;;;;;;2;2;;;9;;;;;;;;;;;;;;;;;;;;;;;;;;;;;;;;;;;
534;810450;revisar/cambiar motoventilador;3;;3;;;;;;;;;;;;2;2;;;9;;;;;;;;;;;;;;;;;;;;;;;;;;;;;;;;;;;
535;119234;revisar/cambiar motoventilador;;;;;;9;;;;;9;;;;2;2;9;;;;;;;;;;;;;;;;;;;;;;;;;;;;;;;;;;;;;
536;2005671;revisar/cambiar motoventilador;;;;;;3;;;;;3;;;;2;2;;;9;;;;;;;;;;;;;;;;;;;;;;;;;;;;;;;;;;;
537;808998;revisar/cambiar motoventilador;;;;;;9;;;;;9;;;2;;;;;;;;;;;;;;;;;;;;;;;;;;;;;;;;;;;;;;;;
538;2005670;revisar/cambiar motoventilador;;;;;;;;;;;;;;3;2;2;;;9;;;;;;;;;;;;;;;;;;;;;;;;;;;;;;;;;;;
539;2005671;revisar/cambiar motoventilador;;;;;;3;;;;;3;;;;2;2;;;9;;;;;;;;;;;;;;;;;;;;;;;;;;;;;;;;;;;
540;808998;revisar/cambiar motoventilador;;;;;;9;;;;;9;;;2;;;;;;;;;;;;;;;;;;;;;;;;;;;;;;;;;;;;;;;;
541;808998;revisar/cambiar motoventilador;;;;;;9;;;;;9;;;2;;;;;;;;;;;;;;;;;;;;;;;;;;;;;;;;;;;;;;;;
542;810054;otro;2;;;;2;9;;;;;8;8;8;2;2;;2;;8;;;8;;;;;;;6;;;;;;;;;;;;;;;;;;;;;;;;;
543;201446;revisar/cambiar motoventilador;;;;;;;;;;;;;;;2;;2;;9;;;;;;;;;;;;;;;;;;;;;;;;;;;;;;;;;;;
544;201445;otro;;;;;;;;;;;;;;;2;2;2;;9;;;;;;;;;;;;;;;;;;;;;;;;;;;;;;;;;;;
545;201120;revisar/cambiar motoventilador;;;;;;2;;;;;2;;;;;;;;;;;;;;;;;;;;;;;;;;;;;;;;;;;;;;;;;;;
546;2005480;revisar/cambiar motoventilador;;;;;;2;;;;;2;;;;;;;;;;;;;;;;;;;;;;;;;;;;;;;;;;;;;;;;;;;
547;116137;revisar/cambiar motoventilador;3;;3;;;;;;;;;;;2;3;;;3;9;;;;;;;;;;;;;;;;;;;;;;;;;;;;;;;;;;;
548;2005671;revisar/cambiar motoventilador;;;;;;3;;;;;3;;;;2;2;;;9;;;;;;;;;;;;;;;;;;;;;;;;;;;;;;;;;;;
549;201438;revisar/cambiar motoventilador;;;;;;;;;;;;;;;2;;2;;;;;6;;;;;;;6;;;;;;;;;;;;;;;;;;;;;;;;;
550;808069;revisar/cambiar motoventilador;3;;3;;;;;;;;;;;2;2;;2;;3;;;6;;;;;;;6;;;;;;;;;;;;;;;;;;;;;;;;;
551;2005482;revisar/cambiar motoventilador;;;;;;3;;;;;3;;;;2;2;;;;;;6;;;;;3;;6;;;;;3;;;;;;;;;;;;;;;;;;;;
552;2005670;revisar/cambiar motoventilador;;;;;;;;;;;;;;3;2;2;;;9;;;3;;;;;;;3;;;;;;;;;;;;;;;;;;;;;;;;;
553;111566;revisar/cambiar motoventilador;;;;;;;;;;;2;2;;8;3;;;;3;9;;;;;;;;;;;;;;;;;;;;;;;;;;;;;;;;;;
554;111691;revisar/cambiar motoventilador;2;;2;;;;;;;;;;;8;5;;;;;9;;;;;;;;;;;;;;;;;;;;;;;;;;;;;;;;;;
555;119233;revisar/cambiar motoventilador;;;;;;9;;;;;9;;;;2;2;;;;;;;;;;;;;;;;;;;;;;;;;;;;;;;;;;;;;;
556;2005480;revisar/cambiar motoventilador;;;;;;;;;;;;;;;2;2;;;;;;;;;;;;;;;;;;;;;;;;;;;;;;;;;;;;;;
557;2005480;revisar/cambiar motoventilador;;;;;;;;;;;;;;;2;2;;;;;;;;;;;;;;;;;;;;;;;;;;;;;;;;;;;;;;
558;112113;revisar/cambiar motoventilador;;;;;;;;;;2;2;2;;8;5;;;;;9;;;;;;;;;;;;;;;;;;;;;;;;;;;;;;;;;;
559;111689;revisar/cambiar motoventilador;3;;3;;;;;;;;;;;8;2;2;;;;9;;;;;;;;;;;;;;;;;;;;;;;;;;;;;;;;;;
560;201445;revisar/cambiar motoventilador;;;;;;;;;;;;;;;2;;2;;9;;;;;;;;;;;;;;;;;;;;;;;;;;;;;;;;;;;
561;111566;revisar/cambiar motoventilador;;;;;;;;;;;2;2;;8;3;;;;3;9;;;;;;;;;;;;;;;;;;;;;;;;;;;;;;;;;;
562;808069;revisar/cambiar motoventilador;3;;3;;;;;;;;;;;2;2;;2;;3;;;6;;;;;;;6;;;;;;;;;;;;;;;;;;;;;;;;;
563;808069;revisar/cambiar motoventilador;3;;3;;;;;;;;;;;2;2;;2;;3;;;6;;;;;;;6;;;;;;;;;;;;;;;;;;;;;;;;;
564;201445;revisar/cambiar motoventilador;;;;;;;;;;;;;;;2;;2;;9;;;;;;;;;;;;;;;;;;;;;;;;;;;;;;;;;;;
565;111691;revisar/cambiar motoventilador;2;;2;;;;;;;;;;;8;5;;;;;9;;;;;;;;;;;;;;;;;;;;;;;;;;;;;;;;;;
566;2005480;revisar/cambiar motoventilador;;;;;;;;;;;;;;;2;2;;;;;;;;;;;;;;;;;;;;;;;;;;;;;;;;;;;;;;
567;109357;revisar/cambiar motoventilador;;;;;;;;;;;;;;8;2;2;;;;9;;;;;;;;;;;;;;;;;;;;;;;;;;;;;;;;;;
568;136773;realizar muestreo-analisis fsco-qco oltc;;;;;;;;;;;;;;;2;2;;;2;3;;3;;;;;;3;3;;;;;3;;;;;;;;;;;;;;;;;;;;
569;2003341;realizar muestreo-analisis fsco-qco oltc;9;9;9;;9;8;;;;;9;9;9;2;2;;;;3;;;9;;;;;;;9;;;;;;;;;;;;;;;;;;;;;;;;;
570;809582;realizar muestreo-analisis fsco-qco oltc;;;;;;9;;;;;9;;;;2;3;;;8;;;;;;;;;;;;;;;;;;;;;;;;;;;;;;;;;;;
571;2003341;realizar muestreo-analisis fsco-qco oltc;9;9;9;;9;8;;;;;9;9;9;2;2;9;;;;;;9;;;;;;;9;;;;;;;;;;;;;;;;;;;;;;;;;
572;200786;realizar muestreo-analisis fsco-qco oltc;2;2;2;;;;;;;;3;3;;3;3;9;;;3;;;;;;;;;;;;;;;;;;;;;;;;;;;;;;;;;;;
573;808997;realizar muestreo-analisis fsco-qco oltc;;;;;;9;;;;;9;;;2;2;;;;2;;;;;;;;;;;;;;;;;;;;;;;;;;;;;;;;;;;
574;810449;realizar muestreo-analisis fsco-qco oltc;;;;;;;;;;;;;;2;3;;;;9;;;;;;;;;;;;;;;;;;;;;;;;;;;;;;;;;;;
575;810449;realizar muestreo-analisis fsco-qco oltc;;;;;;;;;;;;;;2;3;;;;9;;;;;;;;;;;;;;;;;;;;;;;;;;;;;;;;;;;
576;810449;realizar muestreo-analisis fsco-qco oltc;;;;;;;;;;;;;;2;3;;;;9;;;;;;;;;;;;;;;;;;;;;;;;;;;;;;;;;;;
577;810449;realizar muestreo-analisis fsco-qco oltc;;;;;;;;;;;;;;2;3;;;;9;;;;;;;;;;;;;;;;;;;;;;;;;;;;;;;;;;;
578;808997;realizar muestreo-analisis fsco-qco oltc;;;;;;9;;;;;9;;;2;2;;;;2;;;;;;;;;;;;;;;;;;;;;;;;;;;;;;;;;;;
579;202280;realizar muestreo-analisis fsco-qco oltc;;;;;;2;;;;;2;;;;3;;;;3;;;;;;;;;;;;;;;;;;;;;;;;;;;;;;;;;;;
580;809365;otro;;;;;;9;;;;;2;2;;;2;;2;3;;;;;;;;;;;;;;;;;;;;;;;;;;;;;;;;;;;;
581;202658;realizar muestreo-analisis fsco-qco oltc;;;;;;;;;;;2;2;;;3;9;;;3;;;;;;;;;;;;;;;;;;;;;;;;;;;;;;;;;;;
582;103447;realizar muestreo-analisis fsco-qco oltc;;;;;;;;;;;;;;8;2;3;;;2;9;;;;;;;;;;;;;;;;;;;;;;;;;;;;;;;;;;
583;807717;realizar muestreo-analisis fsco-qco oltc;3;;3;;;9;;;;;9;;;;2;;;2;;;;;;;;;;;;;;;;;;;;;;;;;;;;;;;;;;;;
584;200786;otro;2;2;2;;;;;;;;;;;3;3;3;;;3;;;;;;;;;;;;;;;;;;;;;;;;;;;;;;;;;;;
585;400039;realizar muestreo-analisis fsco-qco oltc;;;;;;;;;;;;;;;2;;2;3;3;;;;;;;;;;;;;;;;;;;;;;;;;;;;;;;;;;;
586;116135;realizar muestreo-analisis fsco-qco oltc;;;;;;;;;;;;;;3;2;9;;;9;;;;;;;;;;;;;;;;;;;;;;;;;;;;;;;;;;;
587;202658;otro;;;;;;;;;;;;;;;2;9;;;3;;;;;;;;;;;;;;;;;;;;;;;;;;;;;;;;;;;
588;202658;hacer seguimiento generacion anormal de gases;;;;;;;;;;;;;;;2;9;;;3;;;;;;;;;;;;;;;;;;;;;;;;;;;;;;;;;;;
589;116136;realizar muestreo-analisis fsco-qco oltc;3;;3;;;;;;;;;;;2;3;;;;9;;;;;;;;;;;;;;;;;;;;;;;;;;;;;;;;;;;
590;809365;realizar muestreo-analisis fsco-qco oltc;;;;;;9;;;;;2;2;;2;2;;;;3;;;3;3;;;;;;3;3;;;;;;;;;;;;;;;;;;;;;;;;
591;2003341;otro;7;7;7;;7;8;;;;;8;;;2;2;9;;;;;;;;;;;;;;;;;;;;;;;;;;;;;;;;;;;;;;
592;111973;otro;;;;;;;;;;8;8;;;8;8;8;8;;8;8;;;;;;;;;1;;;;;1;;;;;;;;;;;;;;;;;;;;
593;111973;otro;;;;;;;;;;8;8;;;8;8;8;8;;8;8;;;;;;;;;1;;;;;1;;;;;;;;;;;;;;;;;;;;
594;111973;otro;;;;;;;;;;8;8;;;8;8;8;8;;8;8;;;;;;;;;1;;;;;1;;;;;;;;;;;;;;;;;;;;
595;112113;otro;;;;;;;;;;;;;;8;5;;;;;;;;;;;;;;1;;;;;1;;;;;;;;;;;;;;;;;;;;
596;202719;realizar muestreo-analisis fsco-qco oltc;2;;2;;;;;;;;;;;;;;;;;;;;;;;;;;1;1;;;;;;;;;;;;;;;;;;;;;;;;
597;111078;realizar secado oltc;;;;;;;;;;;2;2;;;;;;;;;;;;;;;;;1;;;;;1;;;;;;;;;;;;;;;;;;;;
598;133031;realizar muestreo-analisis fsco-qco oltc;;;;;;;;;;;;;;2;5;9;;;;;;;;;;;;;1;1;;;;;;;;;;;;;;;;;;;;;;;;
599;112119;realizar muestreo-analisis fsco-qco oltc;;;;;;;;;;;;;;;;;;;;;;;;;;;;;2;2;;;;;;;;;;;;;;;;;;;;;;;;
600;112119;realizar secado oltc;;;;;;;;;;;;;;;;;;;;;;;;;;;;;1;;;;;1;;;;;;;;;;;;;;;;;;;;
601;807833;realizar muestreo-analisis fsco-qco oltc;;;;;;9;;;;;9;;;;5;9;;;8;;;2;2;;;;;;1;2;;;;;;;;;;;;;;;;;;;;;;;;
602;100008;realizar secado oltc;;;;;;;;;;;;;;8;5;9;;;;9;;;;;;;;;1;1;;;;;;;;;;;;;;;;;;;;;;;;
603;136773;realizar secado oltc;;;;;;2;;;;;2;;;;5;9;;;;;;3;;;;;2;3;1;;;;;2;;;;;;;;;;;;;;;;;;;;
604;300091;realizar muestreo-analisis fsco-qco oltc;;;;;;;;;;;;;;8;5;;;;8;9;;;;;;;;;1;1;;;;;;;;;;;;;;;;;;;;;;;;
605;301716;realizar muestreo-analisis fsco-qco oltc;;;;;;;;;;;;;;;5;;;;8;;;3;3;;;;;;1;3;;;;;;;;;;;;;;;;;;;;;;;;
606;109355;realizar muestreo-analisis fsco-qco oltc;;;;;;;;;;2;2;;;8;3;3;3;;3;9;;;;;;;;;;;;;;;;;;;;;;;;;;;;;;;;;;
607;115057;realizar muestreo-analisis fsco-qco oltc;;;;;;;;;;;;;;3;3;;;;9;;;3;3;;;;;;1;3;;;;;;;;;;;;;;;;;;;;;;;;
608;115058;realizar muestreo-analisis fsco-qco oltc;;;;;;;;;;;;;;;5;;;;9;;;3;3;;;;;;1;3;;;;;;;;;;;;;;;;;;;;;;;;
609;807833;otro;;;;;;9;;;;;9;;;;3;9;;;3;;;;;;;;;;2;2;;;;;;;;;;;;;;;;;;;;;;;;
610;201204;otro;;;;;;;;;;;2;2;;;;;;;;;;;;;;;;;;;;;;;;;;;;;;;;;;;;;;;;;;
611;136588;realizar secado oltc;;;;;;;;;;;2;2;;;3;;;;3;;;;;;;;;;;;;;;;;;;;;;;;;;;;;;;;;;;
612;136588;otro;;;;;;;;;;;2;2;;;3;;;;3;;;;;;;;;;;;;;;;;;;;;;;;;;;;;;;;;;;
613;111078;otro;;;;;;;;;;9;9;;;8;8;8;8;;8;8;;;;;;;;;2;;;;;2;;;;;;;;;;;;;;;;;;;;
614;2005663;otro;;;;;;;;;;;;;;;;;;;;;;3;3;;;;;;1;3;;;;;;;;;;;;;;;;;;;;;;;;
615;300390;realizar muestreo-analisis fsco-qco oltc;2;;2;;;;;;;;;;;8;3;3;;;8;9;;;;;;;;;;;;;;;;;;;;;;;;;;;;;;;;;;
616;111569;realizar muestreo-analisis fsco-qco oltc;;;;;;;;;;;3;3;;;;;;;;;;;;;;;;;1;1;;;;;;;;;;;;;;;;;;;;;;;;
617;136588;realizar secado oltc;3;;;;3;;;;;;2;2;;;3;;;;3;;;;;;;;;;;;;;;;;;;;;;;;;;;;;;;;;;;
618;136588;realizar secado oltc;3;;;;3;2;;;;;2;2;;;3;;;;3;;;;;;;;;;;;;;;;;;;;;;;;;;;;;;;;;;;
619;2005663;cambiar silica oltc;;;;;;;;;;;;;;;;;;;;;;3;3;;;;;;1;3;;;;;;;;;;;;;;;;;;;;;;;;
620;136588;realizar secado oltc;;;;;;2;;;;;2;2;;;3;;;3;;;;;;;;;;;;;;;;;;;;;;;;;;;;;;;;;;;;
621;115058;otro;;;;;;;;;;;;;;;3;;3;;9;;;3;3;;;;;;1;3;;;;;;;;;;;;;;;;;;;;;;;;
622;109355;otro;;;;;;;;;;;;;;8;3;3;3;;3;9;;;;;;;;;1;1;;;;;;;;;;;;;;;;;;;;;;;;
623;117273;cambiar silica oltc;;;;;;;;;;;;;;8;2;9;2;;;9;;;;;;;;;;;;;;;;;;;;;;;;;;;;;;;;;;
624;115057;realizar muestreo-analisis fsco-qco oltc;;;;;;;;;;;;;;3;5;;;;9;;;3;3;;;;;;1;3;;;;;;;;;;;;;;;;;;;;;;;;
625;136773;realizar muestreo-analisis fsco-qco oltc;;;;;;;;;;;;;;;;;;;;;;3;3;;;;;;1;3;;;;;;;;;;;;;;;;;;;;;;;;
